ECO_NAME,REALM,flow_name,cf
Aegean and Western Turkey sclerophyllous and mixed forests,Palearctic,Rainfed_Wheat_residues_removed_from_the_field,17.42433
Afghan Mountains semi-desert,Palearctic,Rainfed_Wheat_residues_removed_from_the_field,19.7071
Alai-Western Tian Shan steppe,Palearctic,Rainfed_Wheat_residues_removed_from_the_field,2.8698072
Alashan Plateau semi-desert,Palearctic,Rainfed_Wheat_residues_removed_from_the_field,1.6882883
Alaska-St. Elias Range tundra,Nearctic,Rainfed_Wheat_residues_removed_from_the_field,22.582388
Alaska Peninsula montane taiga,Nearctic,Rainfed_Wheat_residues_removed_from_the_field,39.039284
Albany thickets,Afrotropic,Rainfed_Wheat_residues_removed_from_the_field,10.237684
Alberta-British Columbia foothills forests,Nearctic,Rainfed_Wheat_residues_removed_from_the_field,1.3749001
Albertine Rift montane forests,Afrotropic,Rainfed_Wheat_residues_removed_from_the_field,79.749176
Allegheny Highlands forests,Nearctic,Rainfed_Wheat_residues_removed_from_the_field,20.53147
Alps conifer and mixed forests,Palearctic,Rainfed_Wheat_residues_removed_from_the_field,57.951946
Altai alpine meadow and tundra,Palearctic,Rainfed_Wheat_residues_removed_from_the_field,12.53506
Altai montane forest and forest steppe,Palearctic,Rainfed_Wheat_residues_removed_from_the_field,11.7399645
Altai steppe and semi-desert,Palearctic,Rainfed_Wheat_residues_removed_from_the_field,3.1658807
Alto Paraná Atlantic forests,Neotropic,Rainfed_Wheat_residues_removed_from_the_field,33.753254
Amazon-Orinoco-Southern Caribbean mangroves,Neotropic,Rainfed_Wheat_residues_removed_from_the_field,11.13875
Amur meadow steppe,Palearctic,Rainfed_Wheat_residues_removed_from_the_field,2.9193022
Anatolian conifer and deciduous mixed forests,Palearctic,Rainfed_Wheat_residues_removed_from_the_field,7.37527
Andaman Islands rain forests,Indomalayan,Rainfed_Wheat_residues_removed_from_the_field,73.420975
Appalachian-Blue Ridge forests,Nearctic,Rainfed_Wheat_residues_removed_from_the_field,44.54233
Appalachian mixed mesophytic forests,Nearctic,Rainfed_Wheat_residues_removed_from_the_field,53.54354
Appalachian Piedmont forests,Nearctic,Rainfed_Wheat_residues_removed_from_the_field,16.309958
Appenine deciduous montane forests,Palearctic,Rainfed_Wheat_residues_removed_from_the_field,43.856853
Apure-Villavicencio dry forests,Neotropic,Rainfed_Wheat_residues_removed_from_the_field,773.63696
Araucaria moist forests,Neotropic,Rainfed_Wheat_residues_removed_from_the_field,64.21215
Arctic foothills tundra,Nearctic,Rainfed_Wheat_residues_removed_from_the_field,0.89058155
Arizona Mountains forests,Nearctic,Rainfed_Wheat_residues_removed_from_the_field,10.897846
Arnhem Land tropical savanna,Australasia,Rainfed_Wheat_residues_removed_from_the_field,13.141152
Atlantic Coast restingas,Neotropic,Rainfed_Wheat_residues_removed_from_the_field,5.1149774
Atlantic coastal pine barrens,Nearctic,Rainfed_Wheat_residues_removed_from_the_field,5.8356915
European Atlantic mixed forests,Palearctic,Rainfed_Wheat_residues_removed_from_the_field,1.3645362
Australian Alps montane grasslands,Australasia,Rainfed_Wheat_residues_removed_from_the_field,21.62065
Azerbaijan shrub desert and steppe,Palearctic,Rainfed_Wheat_residues_removed_from_the_field,8.520203
Badghyz and Karabil semi-desert,Palearctic,Rainfed_Wheat_residues_removed_from_the_field,4.8716927
Bahamian-Antillean mangroves,Neotropic,Rainfed_Wheat_residues_removed_from_the_field,6.2139235
Bahia coastal forests,Neotropic,Rainfed_Wheat_residues_removed_from_the_field,60.575283
Bahia interior forests,Neotropic,Rainfed_Wheat_residues_removed_from_the_field,82.93822
Baja California desert,Nearctic,Rainfed_Wheat_residues_removed_from_the_field,29.88434
Bajío dry forests,Neotropic,Rainfed_Wheat_residues_removed_from_the_field,17.304205
Balkan mixed forests,Palearctic,Rainfed_Wheat_residues_removed_from_the_field,10.1241
Balsas dry forests,Neotropic,Rainfed_Wheat_residues_removed_from_the_field,57.798023
Baltic mixed forests,Palearctic,Rainfed_Wheat_residues_removed_from_the_field,0.91896725
Baluchistan xeric woodlands,Palearctic,Rainfed_Wheat_residues_removed_from_the_field,23.048971
Beni savanna,Neotropic,Rainfed_Wheat_residues_removed_from_the_field,10.536459
Russian Bering tundra,Palearctic,Rainfed_Wheat_residues_removed_from_the_field,4.483127
Beringia lowland tundra,Nearctic,Rainfed_Wheat_residues_removed_from_the_field,51.99241
Blue Mountains forests,Nearctic,Rainfed_Wheat_residues_removed_from_the_field,9.111993
Bohai Sea saline meadow,Palearctic,Rainfed_Wheat_residues_removed_from_the_field,4.388088
Bolivian montane dry forests,Neotropic,Rainfed_Wheat_residues_removed_from_the_field,107.84229
Bolivian Yungas,Neotropic,Rainfed_Wheat_residues_removed_from_the_field,203.14357
Brahmaputra Valley semi-evergreen forests,Indomalayan,Rainfed_Wheat_residues_removed_from_the_field,50.520164
Brigalow tropical savanna,Australasia,Rainfed_Wheat_residues_removed_from_the_field,7.9492645
British Columbia coastal conifer forests,Nearctic,Rainfed_Wheat_residues_removed_from_the_field,90.99211
Brooks-British Range tundra,Nearctic,Rainfed_Wheat_residues_removed_from_the_field,0.8092127
Caatinga,Neotropic,Rainfed_Wheat_residues_removed_from_the_field,14.019931
Caatinga Enclaves moist forests,Neotropic,Rainfed_Wheat_residues_removed_from_the_field,56.3795
Caledon conifer forests,Palearctic,Rainfed_Wheat_residues_removed_from_the_field,28.793205
California Central Valley grasslands,Nearctic,Rainfed_Wheat_residues_removed_from_the_field,2.5433242
California coastal sage and chaparral,Nearctic,Rainfed_Wheat_residues_removed_from_the_field,9.507933
California interior chaparral and woodlands,Nearctic,Rainfed_Wheat_residues_removed_from_the_field,16.65355
California montane chaparral and woodlands,Nearctic,Rainfed_Wheat_residues_removed_from_the_field,19.255274
Cameroon Highlands forests,Afrotropic,Rainfed_Wheat_residues_removed_from_the_field,142.40958
Campos Rupestres montane savanna,Neotropic,Rainfed_Wheat_residues_removed_from_the_field,69.408806
Canadian Aspen forests and parklands,Nearctic,Rainfed_Wheat_residues_removed_from_the_field,1.2369041
Canadian Low Arctic tundra,Nearctic,Rainfed_Wheat_residues_removed_from_the_field,0.60852784
Canary Islands dry woodlands and forests,Palearctic,Rainfed_Wheat_residues_removed_from_the_field,37.26136
Cantabrian mixed forests,Palearctic,Rainfed_Wheat_residues_removed_from_the_field,23.944382
Canterbury-Otago tussock grasslands,Australasia,Rainfed_Wheat_residues_removed_from_the_field,9.0465555
Cape York Peninsula tropical savanna,Australasia,Rainfed_Wheat_residues_removed_from_the_field,15.275565
Caqueta moist forests,Neotropic,Rainfed_Wheat_residues_removed_from_the_field,16.009071
Cardamom Mountains rain forests,Indomalayan,Rainfed_Wheat_residues_removed_from_the_field,298.225
Carnarvon xeric shrublands,Australasia,Rainfed_Wheat_residues_removed_from_the_field,0.7382392
Carpathian montane forests,Palearctic,Rainfed_Wheat_residues_removed_from_the_field,12.303891
Carpentaria tropical savanna,Australasia,Rainfed_Wheat_residues_removed_from_the_field,6.054176
Caspian Hyrcanian mixed forests,Palearctic,Rainfed_Wheat_residues_removed_from_the_field,11.492458
Caspian lowland desert,Palearctic,Rainfed_Wheat_residues_removed_from_the_field,0.34319544
Cauca Valley dry forests,Neotropic,Rainfed_Wheat_residues_removed_from_the_field,277.2434
Cauca Valley montane forests,Neotropic,Rainfed_Wheat_residues_removed_from_the_field,309.39145
Caucasus mixed forests,Palearctic,Rainfed_Wheat_residues_removed_from_the_field,33.204018
Celtic broadleaf forests,Palearctic,Rainfed_Wheat_residues_removed_from_the_field,5.0572996
Central Afghan Mountains xeric woodlands,Palearctic,Rainfed_Wheat_residues_removed_from_the_field,6.2969427
Central African mangroves,Afrotropic,Rainfed_Wheat_residues_removed_from_the_field,13.087823
Central American dry forests,Neotropic,Rainfed_Wheat_residues_removed_from_the_field,12.531806
Central American montane forests,Neotropic,Rainfed_Wheat_residues_removed_from_the_field,113.755684
Central American pine-oak forests,Neotropic,Rainfed_Wheat_residues_removed_from_the_field,107.26126
Central Anatolian steppe,Palearctic,Rainfed_Wheat_residues_removed_from_the_field,1.0067407
Central Anatolian steppe and woodlands,Palearctic,Rainfed_Wheat_residues_removed_from_the_field,2.3739781
Central-Southern Cascades Forests,Nearctic,Rainfed_Wheat_residues_removed_from_the_field,43.009846
Central-Southern US mixed grasslands,Nearctic,Rainfed_Wheat_residues_removed_from_the_field,5.7170534
Central Andean dry puna,Neotropic,Rainfed_Wheat_residues_removed_from_the_field,14.792082
Central Andean puna,Neotropic,Rainfed_Wheat_residues_removed_from_the_field,32.732624
Central Andean wet puna,Neotropic,Rainfed_Wheat_residues_removed_from_the_field,39.227905
Central Asian northern desert,Palearctic,Rainfed_Wheat_residues_removed_from_the_field,0.25227213
Central Asian riparian woodlands,Palearctic,Rainfed_Wheat_residues_removed_from_the_field,0.13300993
Central Asian southern desert,Palearctic,Rainfed_Wheat_residues_removed_from_the_field,0.4612042
Central British Columbia Mountain forests,Nearctic,Rainfed_Wheat_residues_removed_from_the_field,9.359002
Central bushveld,Afrotropic,Rainfed_Wheat_residues_removed_from_the_field,15.2150345
Central Canadian Shield forests,Nearctic,Rainfed_Wheat_residues_removed_from_the_field,1.8851693
Central China Loess Plateau mixed forests,Palearctic,Rainfed_Wheat_residues_removed_from_the_field,25.364885
Central Deccan Plateau dry deciduous forests,Indomalayan,Rainfed_Wheat_residues_removed_from_the_field,9.410548
Central European mixed forests,Palearctic,Rainfed_Wheat_residues_removed_from_the_field,1.1308866
Central US forest-grasslands transition,Nearctic,Rainfed_Wheat_residues_removed_from_the_field,8.541124
Central Indochina dry forests,Indomalayan,Rainfed_Wheat_residues_removed_from_the_field,102.735504
Central Korean deciduous forests,Palearctic,Rainfed_Wheat_residues_removed_from_the_field,60.57005
Central Mexican matorral,Nearctic,Rainfed_Wheat_residues_removed_from_the_field,14.891199
Central Pacific Northwest coastal forests,Nearctic,Rainfed_Wheat_residues_removed_from_the_field,72.03734
Central Persian desert basins,Palearctic,Rainfed_Wheat_residues_removed_from_the_field,0.8495638
Central Tallgrass prairie,Nearctic,Rainfed_Wheat_residues_removed_from_the_field,7.5783663
Central Tibetan Plateau alpine steppe,Palearctic,Rainfed_Wheat_residues_removed_from_the_field,13.505554
Central Zambezian wet miombo woodlands,Afrotropic,Rainfed_Wheat_residues_removed_from_the_field,32.775772
Cerrado,Neotropic,Rainfed_Wheat_residues_removed_from_the_field,24.59573
Changbai Mountains mixed forests,Palearctic,Rainfed_Wheat_residues_removed_from_the_field,45.185482
Changjiang Plain evergreen forests,Palearctic,Rainfed_Wheat_residues_removed_from_the_field,50.957535
Chao Phraya lowland moist deciduous forests,Indomalayan,Rainfed_Wheat_residues_removed_from_the_field,182.06961
Cherskii-Kolyma mountain tundra,Palearctic,Rainfed_Wheat_residues_removed_from_the_field,24.469336
Chhota-Nagpur dry deciduous forests,Indomalayan,Rainfed_Wheat_residues_removed_from_the_field,16.722652
Chiapas Depression dry forests,Neotropic,Rainfed_Wheat_residues_removed_from_the_field,32.67345
Chiapas montane forests,Neotropic,Rainfed_Wheat_residues_removed_from_the_field,154.9459
Chihuahuan desert,Nearctic,Rainfed_Wheat_residues_removed_from_the_field,7.507892
Chilean Matorral,Neotropic,Rainfed_Wheat_residues_removed_from_the_field,28.218246
Chimalapas montane forests,Neotropic,Rainfed_Wheat_residues_removed_from_the_field,136.08475
Chin Hills-Arakan Yoma montane forests,Indomalayan,Rainfed_Wheat_residues_removed_from_the_field,210.91043
Chiquitano dry forests,Neotropic,Rainfed_Wheat_residues_removed_from_the_field,17.827911
Chocó-Darién moist forests,Neotropic,Rainfed_Wheat_residues_removed_from_the_field,204.73744
Chukchi Peninsula tundra,Palearctic,Rainfed_Wheat_residues_removed_from_the_field,8.675019
Colorado Plateau shrublands,Nearctic,Rainfed_Wheat_residues_removed_from_the_field,4.2831545
Colorado Rockies forests,Nearctic,Rainfed_Wheat_residues_removed_from_the_field,11.2073345
Coolgardie woodlands,Australasia,Rainfed_Wheat_residues_removed_from_the_field,0.17171112
Copper Plateau taiga,Nearctic,Rainfed_Wheat_residues_removed_from_the_field,51.503464
Cordillera Central páramo,Neotropic,Rainfed_Wheat_residues_removed_from_the_field,83.08039
Cordillera Oriental montane forests,Neotropic,Rainfed_Wheat_residues_removed_from_the_field,300.46985
Corsican montane broadleaf and mixed forests,Palearctic,Rainfed_Wheat_residues_removed_from_the_field,54.010418
Crete Mediterranean forests,Palearctic,Rainfed_Wheat_residues_removed_from_the_field,39.95967
Crimean Submediterranean forest complex,Palearctic,Rainfed_Wheat_residues_removed_from_the_field,13.792664
Cross-Niger transition forests,Afrotropic,Rainfed_Wheat_residues_removed_from_the_field,16.886663
Cross-Sanaga-Bioko coastal forests,Afrotropic,Rainfed_Wheat_residues_removed_from_the_field,18.473127
Cross-Timbers savanna-woodland,Nearctic,Rainfed_Wheat_residues_removed_from_the_field,12.254337
Cyprus Mediterranean forests,Palearctic,Rainfed_Wheat_residues_removed_from_the_field,6.611955
Da Hinggan-Dzhagdy Mountains conifer forests,Palearctic,Rainfed_Wheat_residues_removed_from_the_field,7.5138946
Daba Mountains evergreen forests,Palearctic,Rainfed_Wheat_residues_removed_from_the_field,110.39107
Daurian forest steppe,Palearctic,Rainfed_Wheat_residues_removed_from_the_field,3.820517
Deccan thorn scrub forests,Indomalayan,Rainfed_Wheat_residues_removed_from_the_field,10.013635
Dinaric Mountains mixed forests,Palearctic,Rainfed_Wheat_residues_removed_from_the_field,44.403156
Djibouti xeric shrublands,Afrotropic,Rainfed_Wheat_residues_removed_from_the_field,17.558613
Drakensberg Escarpment savanna and thicket,Afrotropic,Rainfed_Wheat_residues_removed_from_the_field,37.683643
Drakensberg grasslands,Afrotropic,Rainfed_Wheat_residues_removed_from_the_field,35.959152
Rock and Ice,N/A,Rainfed_Wheat_residues_removed_from_the_field,57.715805
Dry Chaco,Neotropic,Rainfed_Wheat_residues_removed_from_the_field,5.7927446
East Afghan montane conifer forests,Palearctic,Rainfed_Wheat_residues_removed_from_the_field,14.080555
East African halophytics,Afrotropic,Rainfed_Wheat_residues_removed_from_the_field,41.842964
East African mangroves,Afrotropic,Rainfed_Wheat_residues_removed_from_the_field,9.557992
East Central Texas forests,Nearctic,Rainfed_Wheat_residues_removed_from_the_field,10.288789
East Deccan dry-evergreen forests,Indomalayan,Rainfed_Wheat_residues_removed_from_the_field,11.533098
East European forest steppe,Palearctic,Rainfed_Wheat_residues_removed_from_the_field,0.8854418
East Siberian taiga,Palearctic,Rainfed_Wheat_residues_removed_from_the_field,2.4985962
East Sudanian savanna,Afrotropic,Rainfed_Wheat_residues_removed_from_the_field,42.962105
Eastern Anatolian deciduous forests,Palearctic,Rainfed_Wheat_residues_removed_from_the_field,8.203091
Eastern Anatolian montane steppe,Palearctic,Rainfed_Wheat_residues_removed_from_the_field,7.4244795
Eastern Australia mulga shrublands,Australasia,Rainfed_Wheat_residues_removed_from_the_field,1.097884
Eastern Australian temperate forests,Australasia,Rainfed_Wheat_residues_removed_from_the_field,26.005651
Eastern Canadian forests,Nearctic,Rainfed_Wheat_residues_removed_from_the_field,5.874554
Eastern Canadian Shield taiga,Nearctic,Rainfed_Wheat_residues_removed_from_the_field,2.1753676
Eastern Cascades forests,Nearctic,Rainfed_Wheat_residues_removed_from_the_field,8.176772
Eastern Cordillera Real montane forests,Neotropic,Rainfed_Wheat_residues_removed_from_the_field,194.17218
Eastern Canadian Forest-Boreal transition,Nearctic,Rainfed_Wheat_residues_removed_from_the_field,5.755218
Eastern Gobi desert steppe,Palearctic,Rainfed_Wheat_residues_removed_from_the_field,0.79025567
Eastern Great Lakes lowland forests,Nearctic,Rainfed_Wheat_residues_removed_from_the_field,3.8607283
East Deccan moist deciduous forests,Indomalayan,Rainfed_Wheat_residues_removed_from_the_field,40.34467
Eastern Himalayan alpine shrub and meadows,Palearctic,Rainfed_Wheat_residues_removed_from_the_field,64.68
Eastern Himalayan broadleaf forests,Indomalayan,Rainfed_Wheat_residues_removed_from_the_field,329.135
Eastern Himalayan subalpine conifer forests,Indomalayan,Rainfed_Wheat_residues_removed_from_the_field,206.85301
Eastern Mediterranean conifer-broadleaf forests,Palearctic,Rainfed_Wheat_residues_removed_from_the_field,8.968613
Ecuadorian dry forests,Neotropic,Rainfed_Wheat_residues_removed_from_the_field,251.73923
Edwards Plateau savanna,Nearctic,Rainfed_Wheat_residues_removed_from_the_field,9.923719
Einasleigh upland savanna,Australasia,Rainfed_Wheat_residues_removed_from_the_field,10.703774
Elburz Range forest steppe,Palearctic,Rainfed_Wheat_residues_removed_from_the_field,4.875873
Emin Valley steppe,Palearctic,Rainfed_Wheat_residues_removed_from_the_field,2.3800893
English Lowlands beech forests,Palearctic,Rainfed_Wheat_residues_removed_from_the_field,1.5338076
Esperance mallee,Australasia,Rainfed_Wheat_residues_removed_from_the_field,0.3261875
Espinal,Neotropic,Rainfed_Wheat_residues_removed_from_the_field,3.3999515
Ethiopian montane forests,Afrotropic,Rainfed_Wheat_residues_removed_from_the_field,67.2072
Ethiopian montane grasslands and woodlands,Afrotropic,Rainfed_Wheat_residues_removed_from_the_field,50.596684
Ethiopian montane moorlands,Afrotropic,Rainfed_Wheat_residues_removed_from_the_field,62.395496
Euxine-Colchic broadleaf forests,Palearctic,Rainfed_Wheat_residues_removed_from_the_field,19.679482
Everglades flooded grasslands,Neotropic,Rainfed_Wheat_residues_removed_from_the_field,7.1048946
Eyre and York mallee,Australasia,Rainfed_Wheat_residues_removed_from_the_field,0.38454401
Fiordland temperate forests,Australasia,Rainfed_Wheat_residues_removed_from_the_field,80.54806
Flinders-Lofty montane woodlands,Australasia,Rainfed_Wheat_residues_removed_from_the_field,1.1968223
Flint Hills tallgrass prairie,Nearctic,Rainfed_Wheat_residues_removed_from_the_field,9.520408
Fraser Plateau and Basin conifer forests,Nearctic,Rainfed_Wheat_residues_removed_from_the_field,4.7173223
Fynbos shrubland,Afrotropic,Rainfed_Wheat_residues_removed_from_the_field,5.9415298
Gariep Karoo,Afrotropic,Rainfed_Wheat_residues_removed_from_the_field,4.058959
Ghorat-Hazarajat alpine meadow,Palearctic,Rainfed_Wheat_residues_removed_from_the_field,23.618467
Gissaro-Alai open woodlands,Palearctic,Rainfed_Wheat_residues_removed_from_the_field,21.138409
Godavari-Krishna mangroves,Indomalayan,Rainfed_Wheat_residues_removed_from_the_field,7.666911
Gobi Lakes Valley desert steppe,Palearctic,Rainfed_Wheat_residues_removed_from_the_field,5.44234
Great Basin montane forests,Nearctic,Rainfed_Wheat_residues_removed_from_the_field,6.0941186
Great Basin shrub steppe,Nearctic,Rainfed_Wheat_residues_removed_from_the_field,4.5564747
Great Lakes Basin desert steppe,Palearctic,Rainfed_Wheat_residues_removed_from_the_field,3.3084152
Great Sandy-Tanami desert,Australasia,Rainfed_Wheat_residues_removed_from_the_field,1.4213705
Great Victoria desert,Australasia,Rainfed_Wheat_residues_removed_from_the_field,0.19536039
Guayaquil flooded grasslands,Neotropic,Rainfed_Wheat_residues_removed_from_the_field,101.92418
Guianan Highlands moist forests,Neotropic,Rainfed_Wheat_residues_removed_from_the_field,94.51855
Guianan lowland moist forests,Neotropic,Rainfed_Wheat_residues_removed_from_the_field,53.65568
Guianan piedmont moist forests,Neotropic,Rainfed_Wheat_residues_removed_from_the_field,39.92892
Guianan savanna,Neotropic,Rainfed_Wheat_residues_removed_from_the_field,17.36931
Guinean forest-savanna,Afrotropic,Rainfed_Wheat_residues_removed_from_the_field,24.539219
Guizhou Plateau broadleaf and mixed forests,Palearctic,Rainfed_Wheat_residues_removed_from_the_field,111.5635
Gulf of California xeric scrub,Nearctic,Rainfed_Wheat_residues_removed_from_the_field,11.392751
Gulf of St. Lawrence lowland forests,Nearctic,Rainfed_Wheat_residues_removed_from_the_field,4.2632194
Gurupa várzea,Neotropic,Rainfed_Wheat_residues_removed_from_the_field,13.075311
Hainan Island monsoon rain forests,Indomalayan,Rainfed_Wheat_residues_removed_from_the_field,138.03783
Hampton mallee and woodlands,Australasia,Rainfed_Wheat_residues_removed_from_the_field,0.08255064
Hawai'i tropical dry forests,Oceania,Rainfed_Wheat_residues_removed_from_the_field,140.38011
Hawai'i tropical high shrublands,Oceania,Rainfed_Wheat_residues_removed_from_the_field,96.46382
Hawai'i tropical moist forests,Oceania,Rainfed_Wheat_residues_removed_from_the_field,250.17001
Helanshan montane conifer forests,Palearctic,Rainfed_Wheat_residues_removed_from_the_field,1.3822722
Hengduan Mountains subalpine conifer forests,Palearctic,Rainfed_Wheat_residues_removed_from_the_field,46.156963
High Monte,Neotropic,Rainfed_Wheat_residues_removed_from_the_field,19.731552
Highveld grasslands,Afrotropic,Rainfed_Wheat_residues_removed_from_the_field,16.329226
Himalayan subtropical broadleaf forests,Indomalayan,Rainfed_Wheat_residues_removed_from_the_field,172.46266
Himalayan subtropical pine forests,Indomalayan,Rainfed_Wheat_residues_removed_from_the_field,166.78499
Hindu Kush alpine meadow,Palearctic,Rainfed_Wheat_residues_removed_from_the_field,72.503815
Hobyo grasslands and shrublands,Afrotropic,Rainfed_Wheat_residues_removed_from_the_field,1.5152842
Hokkaido deciduous forests,Palearctic,Rainfed_Wheat_residues_removed_from_the_field,26.621458
Hokkaido montane conifer forests,Palearctic,Rainfed_Wheat_residues_removed_from_the_field,49.882557
Honshu alpine conifer forests,Palearctic,Rainfed_Wheat_residues_removed_from_the_field,170.27411
Horn of Africa xeric bushlands,Afrotropic,Rainfed_Wheat_residues_removed_from_the_field,3.2523882
Huang He Plain mixed forests,Palearctic,Rainfed_Wheat_residues_removed_from_the_field,14.496935
Humid Chaco,Neotropic,Rainfed_Wheat_residues_removed_from_the_field,6.0368385
Humid Pampas,Neotropic,Rainfed_Wheat_residues_removed_from_the_field,3.1272347
Iberian conifer forests,Palearctic,Rainfed_Wheat_residues_removed_from_the_field,9.582634
Iberian sclerophyllous and semi-deciduous forests,Palearctic,Rainfed_Wheat_residues_removed_from_the_field,5.8738785
Illyrian deciduous forests,Palearctic,Rainfed_Wheat_residues_removed_from_the_field,32.198826
Indochina mangroves,Indomalayan,Rainfed_Wheat_residues_removed_from_the_field,45.92619
Indus River Delta-Arabian Sea mangroves,Indomalayan,Rainfed_Wheat_residues_removed_from_the_field,5.6967425
Indus Valley desert,Indomalayan,Rainfed_Wheat_residues_removed_from_the_field,2.1088119
Interior Alaska-Yukon lowland taiga,Nearctic,Rainfed_Wheat_residues_removed_from_the_field,4.9807496
Interior Plateau US Hardwood Forests,Nearctic,Rainfed_Wheat_residues_removed_from_the_field,27.582655
Interior Yukon-Alaska alpine tundra,Nearctic,Rainfed_Wheat_residues_removed_from_the_field,3.7512321
Iquitos várzea,Neotropic,Rainfed_Wheat_residues_removed_from_the_field,17.84486
Italian sclerophyllous and semi-deciduous forests,Palearctic,Rainfed_Wheat_residues_removed_from_the_field,29.669691
Itigi-Sumbu thicket,Afrotropic,Rainfed_Wheat_residues_removed_from_the_field,5.23836
Jalisco dry forests,Neotropic,Rainfed_Wheat_residues_removed_from_the_field,70.757744
Japurá-Solimões-Negro moist forests,Neotropic,Rainfed_Wheat_residues_removed_from_the_field,15.055356
Jarrah-Karri forest and shrublands,Australasia,Rainfed_Wheat_residues_removed_from_the_field,4.2693863
Jian Nan subtropical evergreen forests,Indomalayan,Rainfed_Wheat_residues_removed_from_the_field,155.40889
Jos Plateau forest-grassland,Afrotropic,Rainfed_Wheat_residues_removed_from_the_field,29.767033
Junggar Basin semi-desert,Palearctic,Rainfed_Wheat_residues_removed_from_the_field,1.339148
Juruá-Purus moist forests,Neotropic,Rainfed_Wheat_residues_removed_from_the_field,23.291067
Kalahari xeric savanna,Afrotropic,Rainfed_Wheat_residues_removed_from_the_field,2.0870173
Kamchatka-Kurile meadows and sparse forests,Palearctic,Rainfed_Wheat_residues_removed_from_the_field,4.027266
Kamchatka taiga,Palearctic,Rainfed_Wheat_residues_removed_from_the_field,0.5305575
Karakoram-West Tibetan Plateau alpine steppe,Palearctic,Rainfed_Wheat_residues_removed_from_the_field,44.0117
Kayah-Karen montane rain forests,Indomalayan,Rainfed_Wheat_residues_removed_from_the_field,137.47049
Kazakh forest steppe,Palearctic,Rainfed_Wheat_residues_removed_from_the_field,0.9881766
Kazakh semi-desert,Palearctic,Rainfed_Wheat_residues_removed_from_the_field,0.4356756
Kazakh steppe,Palearctic,Rainfed_Wheat_residues_removed_from_the_field,0.38821328
Kazakh upland steppe,Palearctic,Rainfed_Wheat_residues_removed_from_the_field,0.7537102
Khangai Mountains alpine meadow,Palearctic,Rainfed_Wheat_residues_removed_from_the_field,17.795658
Khangai Mountains conifer forests,Palearctic,Rainfed_Wheat_residues_removed_from_the_field,14.11165
Khathiar-Gir dry deciduous forests,Indomalayan,Rainfed_Wheat_residues_removed_from_the_field,11.485401
Kimberly tropical savanna,Australasia,Rainfed_Wheat_residues_removed_from_the_field,10.226252
Klamath-Siskiyou forests,Nearctic,Rainfed_Wheat_residues_removed_from_the_field,53.10583
Knysna-Amatole montane forests,Afrotropic,Rainfed_Wheat_residues_removed_from_the_field,24.427015
Kola Peninsula tundra,Palearctic,Rainfed_Wheat_residues_removed_from_the_field,0.7795664
Kopet Dag semi-desert,Palearctic,Rainfed_Wheat_residues_removed_from_the_field,1.5879002
Kopet Dag woodlands and forest steppe,Palearctic,Rainfed_Wheat_residues_removed_from_the_field,1.723273
Kuh Rud and Eastern Iran montane woodlands,Palearctic,Rainfed_Wheat_residues_removed_from_the_field,0.058044367
Kwazulu Natal-Cape coastal forests,Afrotropic,Rainfed_Wheat_residues_removed_from_the_field,47.6114
Lake Chad flooded savanna,Afrotropic,Rainfed_Wheat_residues_removed_from_the_field,2.5986135
Limpopo lowveld,Afrotropic,Rainfed_Wheat_residues_removed_from_the_field,25.199776
Low Monte,Neotropic,Rainfed_Wheat_residues_removed_from_the_field,1.0753787
Lower Gangetic Plains moist deciduous forests,Indomalayan,Rainfed_Wheat_residues_removed_from_the_field,15.034149
Luang Prabang montane rain forests,Indomalayan,Rainfed_Wheat_residues_removed_from_the_field,70.48721
Madagascar dry deciduous forests,Afrotropic,Rainfed_Wheat_residues_removed_from_the_field,30.813795
Madagascar ericoid thickets,Afrotropic,Rainfed_Wheat_residues_removed_from_the_field,50.15467
Madagascar humid forests,Afrotropic,Rainfed_Wheat_residues_removed_from_the_field,179.21149
Madagascar mangroves,Afrotropic,Rainfed_Wheat_residues_removed_from_the_field,12.724932
Madagascar spiny thickets,Afrotropic,Rainfed_Wheat_residues_removed_from_the_field,10.454508
Madagascar subhumid forests,Afrotropic,Rainfed_Wheat_residues_removed_from_the_field,67.63539
Madagascar succulent woodlands,Afrotropic,Rainfed_Wheat_residues_removed_from_the_field,18.000824
Madeira-Tapajós moist forests,Neotropic,Rainfed_Wheat_residues_removed_from_the_field,25.70364
Magdalena-Urabá moist forests,Neotropic,Rainfed_Wheat_residues_removed_from_the_field,644.5842
Magdalena Valley dry forests,Neotropic,Rainfed_Wheat_residues_removed_from_the_field,263.51605
Magdalena Valley montane forests,Neotropic,Rainfed_Wheat_residues_removed_from_the_field,227.3235
Magellanic subpolar forests,Neotropic,Rainfed_Wheat_residues_removed_from_the_field,23.559137
Malabar Coast moist forests,Indomalayan,Rainfed_Wheat_residues_removed_from_the_field,60.210255
Manchurian mixed forests,Palearctic,Rainfed_Wheat_residues_removed_from_the_field,24.879581
Mandara Plateau woodlands,Afrotropic,Rainfed_Wheat_residues_removed_from_the_field,21.961721
Maputaland coastal forests and woodlands,Afrotropic,Rainfed_Wheat_residues_removed_from_the_field,3.5545378
Marajó várzea,Neotropic,Rainfed_Wheat_residues_removed_from_the_field,13.038905
Maranhão Babaçu forests,Neotropic,Rainfed_Wheat_residues_removed_from_the_field,26.021887
Marañón dry forests,Neotropic,Rainfed_Wheat_residues_removed_from_the_field,106.45796
Masai xeric grasslands and shrublands,Afrotropic,Rainfed_Wheat_residues_removed_from_the_field,5.60819
Mato Grosso tropical dry forests,Neotropic,Rainfed_Wheat_residues_removed_from_the_field,16.49626
Mediterranean Acacia-Argania dry woodlands and succulent thickets,Palearctic,Rainfed_Wheat_residues_removed_from_the_field,4.3953333
Mediterranean conifer and mixed forests,Palearctic,Rainfed_Wheat_residues_removed_from_the_field,21.64628
Mediterranean dry woodlands and steppe,Palearctic,Rainfed_Wheat_residues_removed_from_the_field,1.1503998
Mediterranean High Atlas juniper steppe,Palearctic,Rainfed_Wheat_residues_removed_from_the_field,14.070742
Mediterranean woodlands and forests,Palearctic,Rainfed_Wheat_residues_removed_from_the_field,8.141034
Meghalaya subtropical forests,Indomalayan,Rainfed_Wheat_residues_removed_from_the_field,146.8126
Meseta Central matorral,Nearctic,Rainfed_Wheat_residues_removed_from_the_field,9.885334
Mesoamerican Gulf-Caribbean mangroves,Neotropic,Rainfed_Wheat_residues_removed_from_the_field,31.745033
Mesopotamian shrub desert,Palearctic,Rainfed_Wheat_residues_removed_from_the_field,1.3106556
Mid-Canada Boreal Plains forests,Nearctic,Rainfed_Wheat_residues_removed_from_the_field,0.67774004
Mid-Atlantic US coastal savannas,Nearctic,Rainfed_Wheat_residues_removed_from_the_field,8.043223
Midwest Canadian Shield forests,Nearctic,Rainfed_Wheat_residues_removed_from_the_field,0.9547874
Mississippi lowland forests,Nearctic,Rainfed_Wheat_residues_removed_from_the_field,10.2348175
Mitchell Grass Downs,Australasia,Rainfed_Wheat_residues_removed_from_the_field,1.816596
Mizoram-Manipur-Kachin rain forests,Indomalayan,Rainfed_Wheat_residues_removed_from_the_field,197.51622
Mojave desert,Nearctic,Rainfed_Wheat_residues_removed_from_the_field,4.924411
Mongolian-Manchurian grassland,Palearctic,Rainfed_Wheat_residues_removed_from_the_field,2.5833337
Montana Valley and Foothill grasslands,Nearctic,Rainfed_Wheat_residues_removed_from_the_field,6.0461273
Monte Alegre várzea,Neotropic,Rainfed_Wheat_residues_removed_from_the_field,31.539177
Murray-Darling woodlands and mallee,Australasia,Rainfed_Wheat_residues_removed_from_the_field,0.4481848
Muskwa-Slave Lake taiga,Nearctic,Rainfed_Wheat_residues_removed_from_the_field,0.7184814
Myanmar Coast mangroves,Indomalayan,Rainfed_Wheat_residues_removed_from_the_field,122.72691
Myanmar coastal rain forests,Indomalayan,Rainfed_Wheat_residues_removed_from_the_field,76.59101
Nama Karoo shrublands,Afrotropic,Rainfed_Wheat_residues_removed_from_the_field,3.7708473
Nansei Islands subtropical evergreen forests,Indomalayan,Rainfed_Wheat_residues_removed_from_the_field,344.20447
Napo moist forests,Neotropic,Rainfed_Wheat_residues_removed_from_the_field,31.438898
Naracoorte woodlands,Australasia,Rainfed_Wheat_residues_removed_from_the_field,0.552423
Narmada Valley dry deciduous forests,Indomalayan,Rainfed_Wheat_residues_removed_from_the_field,15.934149
Nebraska Sand Hills mixed grasslands,Nearctic,Rainfed_Wheat_residues_removed_from_the_field,3.743131
Negro-Branco moist forests,Neotropic,Rainfed_Wheat_residues_removed_from_the_field,13.216908
Nelson Coast temperate forests,Australasia,Rainfed_Wheat_residues_removed_from_the_field,78.735794
Nenjiang River grassland,Palearctic,Rainfed_Wheat_residues_removed_from_the_field,1.5214956
New England-Acadian forests,Nearctic,Rainfed_Wheat_residues_removed_from_the_field,11.448067
Nicobar Islands rain forests,Indomalayan,Rainfed_Wheat_residues_removed_from_the_field,138.22203
Niger Delta swamp forests,Afrotropic,Rainfed_Wheat_residues_removed_from_the_field,10.113139
Nigerian lowland forests,Afrotropic,Rainfed_Wheat_residues_removed_from_the_field,21.395596
Nihonkai evergreen forests,Palearctic,Rainfed_Wheat_residues_removed_from_the_field,144.43141
Nihonkai montane deciduous forests,Palearctic,Rainfed_Wheat_residues_removed_from_the_field,152.7518
North Arabian desert,Palearctic,Rainfed_Wheat_residues_removed_from_the_field,0.65299046
New Zealand North Island temperate forests,Australasia,Rainfed_Wheat_residues_removed_from_the_field,40.5741
North Saharan Xeric Steppe and Woodland,Palearctic,Rainfed_Wheat_residues_removed_from_the_field,2.0479558
Somali montane xeric woodlands,Afrotropic,Rainfed_Wheat_residues_removed_from_the_field,11.127498
North Tibetan Plateau-Kunlun Mountains alpine desert,Palearctic,Rainfed_Wheat_residues_removed_from_the_field,7.97248
North Western Ghats moist deciduous forests,Indomalayan,Rainfed_Wheat_residues_removed_from_the_field,38.499317
North Western Ghats montane rain forests,Indomalayan,Rainfed_Wheat_residues_removed_from_the_field,54.2041
Northeast China Plain deciduous forests,Palearctic,Rainfed_Wheat_residues_removed_from_the_field,6.283091
Northeast India-Myanmar pine forests,Indomalayan,Rainfed_Wheat_residues_removed_from_the_field,210.74084
Northeast Siberian coastal tundra,Palearctic,Rainfed_Wheat_residues_removed_from_the_field,1.3732375
Northeast Siberian taiga,Palearctic,Rainfed_Wheat_residues_removed_from_the_field,8.720157
Northeast Brazil restingas,Neotropic,Rainfed_Wheat_residues_removed_from_the_field,5.8374
Northeast Himalayan subalpine conifer forests,Palearctic,Rainfed_Wheat_residues_removed_from_the_field,55.423195
Northeast Spain and Southern France Mediterranean forests,Palearctic,Rainfed_Wheat_residues_removed_from_the_field,18.583042
Northeast US Coastal forests,Nearctic,Rainfed_Wheat_residues_removed_from_the_field,12.678632
Northern Acacia-Commiphora bushlands and thickets,Afrotropic,Rainfed_Wheat_residues_removed_from_the_field,12.347669
Northern Anatolian conifer and deciduous forests,Palearctic,Rainfed_Wheat_residues_removed_from_the_field,7.9950066
Northern Andean páramo,Neotropic,Rainfed_Wheat_residues_removed_from_the_field,94.58673
Northern California coastal forests,Nearctic,Rainfed_Wheat_residues_removed_from_the_field,48.20021
Northern Canadian Shield taiga,Nearctic,Rainfed_Wheat_residues_removed_from_the_field,0.7496743
Northern Congolian Forest-Savanna,Afrotropic,Rainfed_Wheat_residues_removed_from_the_field,40.86845
North Deccan dry deciduous forests,Indomalayan,Rainfed_Wheat_residues_removed_from_the_field,25.289814
Northern Indochina subtropical forests,Indomalayan,Rainfed_Wheat_residues_removed_from_the_field,129.30885
Northern Mesoamerican Pacific mangroves,Neotropic,Rainfed_Wheat_residues_removed_from_the_field,6.0224686
Northern Shortgrass prairie,Nearctic,Rainfed_Wheat_residues_removed_from_the_field,2.3204556
Northern Swahili coastal forests,Afrotropic,Rainfed_Wheat_residues_removed_from_the_field,17.479933
Northern Tallgrass prairie,Nearctic,Rainfed_Wheat_residues_removed_from_the_field,1.0136803
Northern Thailand-Laos moist deciduous forests,Indomalayan,Rainfed_Wheat_residues_removed_from_the_field,105.33392
Northern Triangle subtropical forests,Indomalayan,Rainfed_Wheat_residues_removed_from_the_field,123.55233
Northern Triangle temperate forests,Indomalayan,Rainfed_Wheat_residues_removed_from_the_field,184.29625
Northland temperate kauri forests,Australasia,Rainfed_Wheat_residues_removed_from_the_field,35.497868
Northwest Iberian montane forests,Palearctic,Rainfed_Wheat_residues_removed_from_the_field,12.373262
Northwest Russian-Novaya Zemlya tundra,Palearctic,Rainfed_Wheat_residues_removed_from_the_field,2.049158
Northwest Andean montane forests,Neotropic,Rainfed_Wheat_residues_removed_from_the_field,254.48772
Northwestern Himalayan alpine shrub and meadows,Palearctic,Rainfed_Wheat_residues_removed_from_the_field,76.90539
Aravalli west thorn scrub forests,Indomalayan,Rainfed_Wheat_residues_removed_from_the_field,5.659545
Nujiang Langcang Gorge alpine conifer and mixed forests,Palearctic,Rainfed_Wheat_residues_removed_from_the_field,64.6789
Nullarbor Plains xeric shrublands,Australasia,Rainfed_Wheat_residues_removed_from_the_field,0.18033157
Oaxacan montane forests,Neotropic,Rainfed_Wheat_residues_removed_from_the_field,180.60187
Ogilvie-MacKenzie alpine tundra,Nearctic,Rainfed_Wheat_residues_removed_from_the_field,6.2884884
Okanogan dry forests,Nearctic,Rainfed_Wheat_residues_removed_from_the_field,8.898513
Okhotsk-Manchurian taiga,Palearctic,Rainfed_Wheat_residues_removed_from_the_field,12.260715
Ordos Plateau steppe,Palearctic,Rainfed_Wheat_residues_removed_from_the_field,6.495837
Orissa semi-evergreen forests,Indomalayan,Rainfed_Wheat_residues_removed_from_the_field,32.30321
Ozark Highlands mixed forests,Nearctic,Rainfed_Wheat_residues_removed_from_the_field,23.83079
Ozark Mountain forests,Nearctic,Rainfed_Wheat_residues_removed_from_the_field,33.973564
Pacific Coastal Mountain icefields and tundra,Nearctic,Rainfed_Wheat_residues_removed_from_the_field,71.2162
Palouse prairie,Nearctic,Rainfed_Wheat_residues_removed_from_the_field,3.8214796
Pamir alpine desert and tundra,Palearctic,Rainfed_Wheat_residues_removed_from_the_field,28.674425
Pannonian mixed forests,Palearctic,Rainfed_Wheat_residues_removed_from_the_field,6.4368067
Pantanal,Neotropic,Rainfed_Wheat_residues_removed_from_the_field,9.654613
Pantanos de Centla,Neotropic,Rainfed_Wheat_residues_removed_from_the_field,19.766153
Pantepui forests & shrublands,Neotropic,Rainfed_Wheat_residues_removed_from_the_field,135.38953
Paraná flooded savanna,Neotropic,Rainfed_Wheat_residues_removed_from_the_field,4.5186553
Paropamisus xeric woodlands,Palearctic,Rainfed_Wheat_residues_removed_from_the_field,13.843946
Patagonian steppe,Neotropic,Rainfed_Wheat_residues_removed_from_the_field,1.7306798
Patía valley dry forests,Neotropic,Rainfed_Wheat_residues_removed_from_the_field,159.96323
Peninsular Malaysian montane rain forests,Indomalayan,Rainfed_Wheat_residues_removed_from_the_field,224.2984
Peninsular Malaysian rain forests,Indomalayan,Rainfed_Wheat_residues_removed_from_the_field,160.82573
Pernambuco coastal forests,Neotropic,Rainfed_Wheat_residues_removed_from_the_field,41.5963
Pernambuco interior forests,Neotropic,Rainfed_Wheat_residues_removed_from_the_field,21.526146
Peruvian Yungas,Neotropic,Rainfed_Wheat_residues_removed_from_the_field,117.39513
Petén-Veracruz moist forests,Neotropic,Rainfed_Wheat_residues_removed_from_the_field,78.860146
Pindus Mountains mixed forests,Palearctic,Rainfed_Wheat_residues_removed_from_the_field,39.52243
Piney Woods,Nearctic,Rainfed_Wheat_residues_removed_from_the_field,13.655592
Po Basin mixed forests,Palearctic,Rainfed_Wheat_residues_removed_from_the_field,6.241923
Pontic steppe,Palearctic,Rainfed_Wheat_residues_removed_from_the_field,0.92921853
Puget lowland forests,Nearctic,Rainfed_Wheat_residues_removed_from_the_field,32.413227
Purus-Madeira moist forests,Neotropic,Rainfed_Wheat_residues_removed_from_the_field,15.81116
Purus várzea,Neotropic,Rainfed_Wheat_residues_removed_from_the_field,13.621677
Pyrenees conifer and mixed forests,Palearctic,Rainfed_Wheat_residues_removed_from_the_field,44.17538
Qaidam Basin semi-desert,Palearctic,Rainfed_Wheat_residues_removed_from_the_field,9.862051
Qilian Mountains conifer forests,Palearctic,Rainfed_Wheat_residues_removed_from_the_field,17.156399
Qilian Mountains subalpine meadows,Palearctic,Rainfed_Wheat_residues_removed_from_the_field,20.33555
Qin Ling Mountains deciduous forests,Palearctic,Rainfed_Wheat_residues_removed_from_the_field,75.33611
Qionglai-Minshan conifer forests,Palearctic,Rainfed_Wheat_residues_removed_from_the_field,92.67982
Queensland tropical rain forests,Australasia,Rainfed_Wheat_residues_removed_from_the_field,60.359337
Rann of Kutch seasonal salt marsh,Indomalayan,Rainfed_Wheat_residues_removed_from_the_field,4.1054077
Red Sea-Arabian Desert shrublands,Palearctic,Rainfed_Wheat_residues_removed_from_the_field,3.0474072
Renosterveld shrubland,Afrotropic,Rainfed_Wheat_residues_removed_from_the_field,3.8465755
Richmond temperate forests,Australasia,Rainfed_Wheat_residues_removed_from_the_field,38.282497
Rio Negro campinarana,Neotropic,Rainfed_Wheat_residues_removed_from_the_field,11.776318
Rodope montane mixed forests,Palearctic,Rainfed_Wheat_residues_removed_from_the_field,12.737072
Saharan halophytics,Palearctic,Rainfed_Wheat_residues_removed_from_the_field,1.1760963
Sahelian Acacia savanna,Afrotropic,Rainfed_Wheat_residues_removed_from_the_field,11.497834
Sakhalin Island taiga,Palearctic,Rainfed_Wheat_residues_removed_from_the_field,9.146256
San Lucan xeric scrub,Neotropic,Rainfed_Wheat_residues_removed_from_the_field,35.5784
Santa Lucia Montane Chaparral & Woodlands,Nearctic,Rainfed_Wheat_residues_removed_from_the_field,34.311928
Santa Marta montane forests,Neotropic,Rainfed_Wheat_residues_removed_from_the_field,266.47986
Santa Marta páramo,Neotropic,Rainfed_Wheat_residues_removed_from_the_field,175.4545
Sarmatic mixed forests,Palearctic,Rainfed_Wheat_residues_removed_from_the_field,0.8303128
Sayan alpine meadows and tundra,Palearctic,Rainfed_Wheat_residues_removed_from_the_field,18.238605
Sayan Intermontane steppe,Palearctic,Rainfed_Wheat_residues_removed_from_the_field,9.941536
Sayan montane conifer forests,Palearctic,Rainfed_Wheat_residues_removed_from_the_field,10.378523
Scandinavian and Russian taiga,Palearctic,Rainfed_Wheat_residues_removed_from_the_field,0.6205245
Scandinavian coastal conifer forests,Palearctic,Rainfed_Wheat_residues_removed_from_the_field,58.317688
Scandinavian Montane Birch forest and grasslands,Palearctic,Rainfed_Wheat_residues_removed_from_the_field,38.967342
Sechura desert,Neotropic,Rainfed_Wheat_residues_removed_from_the_field,53.095406
Selenge-Orkhon forest steppe,Palearctic,Rainfed_Wheat_residues_removed_from_the_field,6.089914
Serengeti volcanic grasslands,Afrotropic,Rainfed_Wheat_residues_removed_from_the_field,5.574125
Serra do Mar coastal forests,Neotropic,Rainfed_Wheat_residues_removed_from_the_field,108.07642
Sichuan Basin evergreen broadleaf forests,Palearctic,Rainfed_Wheat_residues_removed_from_the_field,55.265987
Sierra de la Laguna dry forests,Neotropic,Rainfed_Wheat_residues_removed_from_the_field,43.75815
Sierra de la Laguna pine-oak forests,Neotropic,Rainfed_Wheat_residues_removed_from_the_field,65.76649
Sierra de los Tuxtlas,Neotropic,Rainfed_Wheat_residues_removed_from_the_field,71.4574
Sierra Madre de Chiapas moist forests,Neotropic,Rainfed_Wheat_residues_removed_from_the_field,58.13811
Sierra Madre de Oaxaca pine-oak forests,Neotropic,Rainfed_Wheat_residues_removed_from_the_field,111.3227
Sierra Madre del Sur pine-oak forests,Neotropic,Rainfed_Wheat_residues_removed_from_the_field,97.80098
Sierra Madre Occidental pine-oak forests,Nearctic,Rainfed_Wheat_residues_removed_from_the_field,52.89484
Sierra Madre Oriental pine-oak forests,Nearctic,Rainfed_Wheat_residues_removed_from_the_field,41.50208
Sierra Nevada forests,Nearctic,Rainfed_Wheat_residues_removed_from_the_field,29.868204
Simpson desert,Australasia,Rainfed_Wheat_residues_removed_from_the_field,1.0140342
Sinaloan dry forests,Neotropic,Rainfed_Wheat_residues_removed_from_the_field,59.69911
Sinú Valley dry forests,Neotropic,Rainfed_Wheat_residues_removed_from_the_field,291.6948
Snake-Columbia shrub steppe,Nearctic,Rainfed_Wheat_residues_removed_from_the_field,1.9471849
Solimões-Japurá moist forests,Neotropic,Rainfed_Wheat_residues_removed_from_the_field,16.030718
Somali Acacia-Commiphora bushlands and thickets,Afrotropic,Rainfed_Wheat_residues_removed_from_the_field,10.799982
Sonoran-Sinaloan subtropical dry forest,Nearctic,Rainfed_Wheat_residues_removed_from_the_field,32.79224
Sonoran desert,Nearctic,Rainfed_Wheat_residues_removed_from_the_field,7.7344317
South American Pacific mangroves,Neotropic,Rainfed_Wheat_residues_removed_from_the_field,3.0375924
South Apennine mixed montane forests,Palearctic,Rainfed_Wheat_residues_removed_from_the_field,37.43926
South Central Rockies forests,Nearctic,Rainfed_Wheat_residues_removed_from_the_field,16.984041
South China-Vietnam subtropical evergreen forests,Indomalayan,Rainfed_Wheat_residues_removed_from_the_field,141.44934
South Deccan Plateau dry deciduous forests,Indomalayan,Rainfed_Wheat_residues_removed_from_the_field,26.80976
South Iran Nubo-Sindian desert and semi-desert,Palearctic,Rainfed_Wheat_residues_removed_from_the_field,0.71411204
New Zealand South Island montane grasslands,Australasia,Rainfed_Wheat_residues_removed_from_the_field,71.67479
New Zealand South Island temperate forests,Australasia,Rainfed_Wheat_residues_removed_from_the_field,9.454725
South Siberian forest steppe,Palearctic,Rainfed_Wheat_residues_removed_from_the_field,2.0393603
South Western Ghats moist deciduous forests,Indomalayan,Rainfed_Wheat_residues_removed_from_the_field,65.1743
South Western Ghats montane rain forests,Indomalayan,Rainfed_Wheat_residues_removed_from_the_field,122.15611
Southeast Australia temperate forests,Australasia,Rainfed_Wheat_residues_removed_from_the_field,5.2933273
Southeast Australia temperate savanna,Australasia,Rainfed_Wheat_residues_removed_from_the_field,0.8168398
Southeast Tibet shrublands and meadows,Palearctic,Rainfed_Wheat_residues_removed_from_the_field,24.060978
Southeast US conifer savannas,Nearctic,Rainfed_Wheat_residues_removed_from_the_field,13.605451
Southeast Iberian shrubs and woodlands,Palearctic,Rainfed_Wheat_residues_removed_from_the_field,5.881151
Southeast Indochina dry evergreen forests,Indomalayan,Rainfed_Wheat_residues_removed_from_the_field,118.78565
Southern Acacia-Commiphora bushlands and thickets,Afrotropic,Rainfed_Wheat_residues_removed_from_the_field,14.355584
Southern Africa mangroves,Afrotropic,Rainfed_Wheat_residues_removed_from_the_field,19.006454
Southern Anatolian montane conifer and deciduous forests,Palearctic,Rainfed_Wheat_residues_removed_from_the_field,14.031579
Southern Andean steppe,Neotropic,Rainfed_Wheat_residues_removed_from_the_field,19.876265
Southern Andean Yungas,Neotropic,Rainfed_Wheat_residues_removed_from_the_field,92.24504
Southern Atlantic Brazilian mangroves,Neotropic,Rainfed_Wheat_residues_removed_from_the_field,94.23087
Southern Cone Mesopotamian savanna,Neotropic,Rainfed_Wheat_residues_removed_from_the_field,8.158132
Southern Great Lakes forests,Nearctic,Rainfed_Wheat_residues_removed_from_the_field,5.562057
Southern Hudson Bay taiga,Nearctic,Rainfed_Wheat_residues_removed_from_the_field,0.54784703
Southern Mesoamerican Pacific mangroves,Neotropic,Rainfed_Wheat_residues_removed_from_the_field,5.4509416
Southern Pacific dry forests,Neotropic,Rainfed_Wheat_residues_removed_from_the_field,59.512695
Southern Rift Montane forest-grassland,Afrotropic,Rainfed_Wheat_residues_removed_from_the_field,106.690674
Southern Swahili coastal forests and woodlands,Afrotropic,Rainfed_Wheat_residues_removed_from_the_field,26.105595
Southwest Amazon moist forests,Neotropic,Rainfed_Wheat_residues_removed_from_the_field,37.95943
Southwest Australia savanna,Australasia,Rainfed_Wheat_residues_removed_from_the_field,0.45653227
Southwest Australia woodlands,Australasia,Rainfed_Wheat_residues_removed_from_the_field,2.6158044
Southwest Iberian Mediterranean sclerophyllous and mixed forests,Palearctic,Rainfed_Wheat_residues_removed_from_the_field,6.344227
Succulent Karoo xeric shrublands,Afrotropic,Rainfed_Wheat_residues_removed_from_the_field,2.9931073
Sudd flooded grasslands,Afrotropic,Rainfed_Wheat_residues_removed_from_the_field,4.1486588
Suiphun-Khanka meadows and forest meadows,Palearctic,Rainfed_Wheat_residues_removed_from_the_field,3.964268
Sulaiman Range alpine meadows,Palearctic,Rainfed_Wheat_residues_removed_from_the_field,28.074966
Sundarbans freshwater swamp forests,Indomalayan,Rainfed_Wheat_residues_removed_from_the_field,11.710187
Sundarbans mangroves,Indomalayan,Rainfed_Wheat_residues_removed_from_the_field,14.793343
Syrian xeric grasslands and shrublands,Palearctic,Rainfed_Wheat_residues_removed_from_the_field,1.9410185
Taiheiyo evergreen forests,Palearctic,Rainfed_Wheat_residues_removed_from_the_field,241.44473
Taiheiyo montane deciduous forests,Palearctic,Rainfed_Wheat_residues_removed_from_the_field,269.00034
Taimyr-Central Siberian tundra,Palearctic,Rainfed_Wheat_residues_removed_from_the_field,2.546767
Taklimakan desert,Palearctic,Rainfed_Wheat_residues_removed_from_the_field,2.2221236
Tamaulipan matorral,Nearctic,Rainfed_Wheat_residues_removed_from_the_field,22.078136
Tamaulipan mezquital,Nearctic,Rainfed_Wheat_residues_removed_from_the_field,5.8366675
Tapajós-Xingu moist forests,Neotropic,Rainfed_Wheat_residues_removed_from_the_field,40.90782
Tarim Basin deciduous forests and steppe,Palearctic,Rainfed_Wheat_residues_removed_from_the_field,0.14369075
Tasmanian Central Highland forests,Australasia,Rainfed_Wheat_residues_removed_from_the_field,13.000075
Tasmanian temperate forests,Australasia,Rainfed_Wheat_residues_removed_from_the_field,4.345113
Tasmanian temperate rain forests,Australasia,Rainfed_Wheat_residues_removed_from_the_field,18.147371
Tehuacán Valley matorral,Neotropic,Rainfed_Wheat_residues_removed_from_the_field,16.89234
Tenasserim-South Thailand semi-evergreen rain forests,Indomalayan,Rainfed_Wheat_residues_removed_from_the_field,182.19463
Terai-Duar savanna and grasslands,Indomalayan,Rainfed_Wheat_residues_removed_from_the_field,36.28983
Texas blackland prairies,Nearctic,Rainfed_Wheat_residues_removed_from_the_field,9.655103
Thar desert,Indomalayan,Rainfed_Wheat_residues_removed_from_the_field,3.0193765
Tian Shan foothill arid steppe,Palearctic,Rainfed_Wheat_residues_removed_from_the_field,9.345926
Tian Shan montane conifer forests,Palearctic,Rainfed_Wheat_residues_removed_from_the_field,14.348717
Tian Shan montane steppe and meadows,Palearctic,Rainfed_Wheat_residues_removed_from_the_field,20.409864
Tibetan Plateau alpine shrublands and meadows,Palearctic,Rainfed_Wheat_residues_removed_from_the_field,15.186387
Tigris-Euphrates alluvial salt marsh,Palearctic,Rainfed_Wheat_residues_removed_from_the_field,0.86226267
Tirari-Sturt stony desert,Australasia,Rainfed_Wheat_residues_removed_from_the_field,0.27695826
Trans-Baikal Bald Mountain tundra,Palearctic,Rainfed_Wheat_residues_removed_from_the_field,15.340706
Trans-Baikal conifer forests,Palearctic,Rainfed_Wheat_residues_removed_from_the_field,6.699493
Trans-Mexican Volcanic Belt pine-oak forests,Neotropic,Rainfed_Wheat_residues_removed_from_the_field,45.37638
Tumbes-Piura dry forests,Neotropic,Rainfed_Wheat_residues_removed_from_the_field,32.766907
Tyrrhenian-Adriatic sclerophyllous and mixed forests,Palearctic,Rainfed_Wheat_residues_removed_from_the_field,19.193342
Uatumã-Trombetas moist forests,Neotropic,Rainfed_Wheat_residues_removed_from_the_field,54.85483
Ucayali moist forests,Neotropic,Rainfed_Wheat_residues_removed_from_the_field,120.424675
Upper Gangetic Plains moist deciduous forests,Indomalayan,Rainfed_Wheat_residues_removed_from_the_field,7.610118
Upper Midwest US forest-savanna transition,Nearctic,Rainfed_Wheat_residues_removed_from_the_field,6.802236
Urals montane forest and taiga,Palearctic,Rainfed_Wheat_residues_removed_from_the_field,2.0694308
Uruguayan savanna,Neotropic,Rainfed_Wheat_residues_removed_from_the_field,12.735715
Ussuri broadleaf and mixed forests,Palearctic,Rainfed_Wheat_residues_removed_from_the_field,16.123695
Valdivian temperate forests,Neotropic,Rainfed_Wheat_residues_removed_from_the_field,41.166866
Veracruz dry forests,Neotropic,Rainfed_Wheat_residues_removed_from_the_field,41.106834
Veracruz moist forests,Neotropic,Rainfed_Wheat_residues_removed_from_the_field,66.0088
Veracruz montane forests,Neotropic,Rainfed_Wheat_residues_removed_from_the_field,211.37364
Victoria Plains tropical savanna,Australasia,Rainfed_Wheat_residues_removed_from_the_field,6.469946
Wasatch and Uinta montane forests,Nearctic,Rainfed_Wheat_residues_removed_from_the_field,10.016623
Watson Highlands taiga,Nearctic,Rainfed_Wheat_residues_removed_from_the_field,4.68472
West Siberian taiga,Palearctic,Rainfed_Wheat_residues_removed_from_the_field,0.42128465
West Sudanian savanna,Afrotropic,Rainfed_Wheat_residues_removed_from_the_field,4.646323
Western Australian Mulga shrublands,Australasia,Rainfed_Wheat_residues_removed_from_the_field,0.6528928
Western Ecuador moist forests,Neotropic,Rainfed_Wheat_residues_removed_from_the_field,196.90128
Western European broadleaf forests,Palearctic,Rainfed_Wheat_residues_removed_from_the_field,6.375851
Western Great Lakes forests,Nearctic,Rainfed_Wheat_residues_removed_from_the_field,2.5162141
Western Gulf coastal grasslands,Nearctic,Rainfed_Wheat_residues_removed_from_the_field,7.4017067
Western Himalayan alpine shrub and meadows,Palearctic,Rainfed_Wheat_residues_removed_from_the_field,77.557785
Western Himalayan broadleaf forests,Indomalayan,Rainfed_Wheat_residues_removed_from_the_field,155.52396
Western Himalayan subalpine conifer forests,Indomalayan,Rainfed_Wheat_residues_removed_from_the_field,92.169525
Western shortgrass prairie,Nearctic,Rainfed_Wheat_residues_removed_from_the_field,3.2128503
Western Siberian hemiboreal forests,Palearctic,Rainfed_Wheat_residues_removed_from_the_field,0.61520004
Westland temperate forests,Australasia,Rainfed_Wheat_residues_removed_from_the_field,137.36101
Willamette Valley oak savanna,Nearctic,Rainfed_Wheat_residues_removed_from_the_field,12.010421
Wyoming Basin shrub steppe,Nearctic,Rainfed_Wheat_residues_removed_from_the_field,2.8552303
Xingu-Tocantins-Araguaia moist forests,Neotropic,Rainfed_Wheat_residues_removed_from_the_field,43.1797
Yamal-Gydan tundra,Palearctic,Rainfed_Wheat_residues_removed_from_the_field,0.5836774
Yarlung Zanbo arid steppe,Palearctic,Rainfed_Wheat_residues_removed_from_the_field,21.116611
Yellow Sea saline meadow,Palearctic,Rainfed_Wheat_residues_removed_from_the_field,5.6552086
Yucatán moist forests,Neotropic,Rainfed_Wheat_residues_removed_from_the_field,12.815308
Yunnan Plateau subtropical evergreen forests,Palearctic,Rainfed_Wheat_residues_removed_from_the_field,75.15386
Zagros Mountains forest steppe,Palearctic,Rainfed_Wheat_residues_removed_from_the_field,7.8194737
Dry miombo woodlands,Afrotropic,Rainfed_Wheat_residues_removed_from_the_field,23.613462
Zambezian flooded grasslands,Afrotropic,Rainfed_Wheat_residues_removed_from_the_field,9.649347
Zambezian mopane woodlands,Afrotropic,Rainfed_Wheat_residues_removed_from_the_field,5.7760987
Brazilian Atlantic dry forests,Neotropic,Rainfed_Wheat_residues_removed_from_the_field,16.851072
Northern Cordillera forests,Nearctic,Rainfed_Wheat_residues_removed_from_the_field,9.738096
Victoria Basin forest-savanna,Afrotropic,Rainfed_Wheat_residues_removed_from_the_field,28.156456
East African montane moorlands,Afrotropic,Rainfed_Wheat_residues_removed_from_the_field,35.37589
Queen Charlotte Islands conifer forests,Nearctic,Rainfed_Wheat_residues_removed_from_the_field,69.90079
Northern Pacific Alaskan coastal forests,Nearctic,Rainfed_Wheat_residues_removed_from_the_field,67.59155
Northwest Territories taiga,Nearctic,Rainfed_Wheat_residues_removed_from_the_field,0.3069665
Arabian desert,Palearctic,Rainfed_Wheat_residues_removed_from_the_field,0.26241148
Kamchatka tundra,Palearctic,Rainfed_Wheat_residues_removed_from_the_field,11.320956
Tocantins/Pindare moist forests,Neotropic,Rainfed_Wheat_residues_removed_from_the_field,25.950205
North Cascades conifer forests,Nearctic,Rainfed_Wheat_residues_removed_from_the_field,79.90071
Northern Rockies conifer forests,Nearctic,Rainfed_Wheat_residues_removed_from_the_field,22.035961
North Atlantic moist mixed forests,Palearctic,Rainfed_Wheat_residues_removed_from_the_field,13.882191
East African montane forests,Afrotropic,Rainfed_Wheat_residues_removed_from_the_field,31.983118
Eastern Arc forests,Afrotropic,Rainfed_Wheat_residues_removed_from_the_field,98.35213
