,ECO_NAME,REALM,flow_name,cf
237,Aegean and Western Turkey sclerophyllous and mixed forests,Palearctic,Rainfed_Wheat_residues_removed_from_the_field,17.42433
317,Afghan Mountains semi-desert,Palearctic,Rainfed_Wheat_residues_removed_from_the_field,19.7071
637,Alai-Western Tian Shan steppe,Palearctic,Rainfed_Wheat_residues_removed_from_the_field,2.8698072
717,Alashan Plateau semi-desert,Palearctic,Rainfed_Wheat_residues_removed_from_the_field,1.6882883
797,Alaska-St. Elias Range tundra,Nearctic,Rainfed_Wheat_residues_removed_from_the_field,22.582388
877,Alaska Peninsula montane taiga,Nearctic,Rainfed_Wheat_residues_removed_from_the_field,39.039284
957,Albany thickets,Afrotropic,Rainfed_Wheat_residues_removed_from_the_field,10.237684
1037,Alberta-British Columbia foothills forests,Nearctic,Rainfed_Wheat_residues_removed_from_the_field,1.3749001
1117,Albertine Rift montane forests,Afrotropic,Rainfed_Wheat_residues_removed_from_the_field,79.749176
1357,Allegheny Highlands forests,Nearctic,Rainfed_Wheat_residues_removed_from_the_field,20.53147
1437,Alps conifer and mixed forests,Palearctic,Rainfed_Wheat_residues_removed_from_the_field,57.951946
1517,Altai alpine meadow and tundra,Palearctic,Rainfed_Wheat_residues_removed_from_the_field,12.53506
1597,Altai montane forest and forest steppe,Palearctic,Rainfed_Wheat_residues_removed_from_the_field,11.7399645
1677,Altai steppe and semi-desert,Palearctic,Rainfed_Wheat_residues_removed_from_the_field,3.1658807
1757,Alto Paraná Atlantic forests,Neotropic,Rainfed_Wheat_residues_removed_from_the_field,33.753254
1837,Amazon-Orinoco-Southern Caribbean mangroves,Neotropic,Rainfed_Wheat_residues_removed_from_the_field,11.13875
1997,Amur meadow steppe,Palearctic,Rainfed_Wheat_residues_removed_from_the_field,2.9193022
2077,Anatolian conifer and deciduous mixed forests,Palearctic,Rainfed_Wheat_residues_removed_from_the_field,7.37527
2157,Andaman Islands rain forests,Indomalayan,Rainfed_Wheat_residues_removed_from_the_field,73.420975
2637,Appalachian-Blue Ridge forests,Nearctic,Rainfed_Wheat_residues_removed_from_the_field,44.54233
2717,Appalachian mixed mesophytic forests,Nearctic,Rainfed_Wheat_residues_removed_from_the_field,53.54354
2797,Appalachian Piedmont forests,Nearctic,Rainfed_Wheat_residues_removed_from_the_field,16.309958
2877,Appenine deciduous montane forests,Palearctic,Rainfed_Wheat_residues_removed_from_the_field,43.856853
2957,Apure-Villavicencio dry forests,Neotropic,Rainfed_Wheat_residues_removed_from_the_field,773.63696
3117,Araucaria moist forests,Neotropic,Rainfed_Wheat_residues_removed_from_the_field,64.21215
3437,Arctic foothills tundra,Nearctic,Rainfed_Wheat_residues_removed_from_the_field,0.89058155
3517,Arizona Mountains forests,Nearctic,Rainfed_Wheat_residues_removed_from_the_field,10.897846
3597,Arnhem Land tropical savanna,Australasia,Rainfed_Wheat_residues_removed_from_the_field,13.141152
3837,Atlantic Coast restingas,Neotropic,Rainfed_Wheat_residues_removed_from_the_field,5.1149774
3997,Atlantic coastal pine barrens,Nearctic,Rainfed_Wheat_residues_removed_from_the_field,5.8356915
4157,European Atlantic mixed forests,Palearctic,Rainfed_Wheat_residues_removed_from_the_field,1.3645362
4237,Australian Alps montane grasslands,Australasia,Rainfed_Wheat_residues_removed_from_the_field,21.62065
4317,Azerbaijan shrub desert and steppe,Palearctic,Rainfed_Wheat_residues_removed_from_the_field,8.520203
4477,Badghyz and Karabil semi-desert,Palearctic,Rainfed_Wheat_residues_removed_from_the_field,4.8716927
4557,Bahamian-Antillean mangroves,Neotropic,Rainfed_Wheat_residues_removed_from_the_field,6.2139235
4637,Bahia coastal forests,Neotropic,Rainfed_Wheat_residues_removed_from_the_field,60.575283
4717,Bahia interior forests,Neotropic,Rainfed_Wheat_residues_removed_from_the_field,82.93822
4797,Baja California desert,Nearctic,Rainfed_Wheat_residues_removed_from_the_field,29.88434
4877,Bajío dry forests,Neotropic,Rainfed_Wheat_residues_removed_from_the_field,17.304205
4957,Balkan mixed forests,Palearctic,Rainfed_Wheat_residues_removed_from_the_field,10.1241
5037,Balsas dry forests,Neotropic,Rainfed_Wheat_residues_removed_from_the_field,57.798023
5117,Baltic mixed forests,Palearctic,Rainfed_Wheat_residues_removed_from_the_field,0.91896725
5197,Baluchistan xeric woodlands,Palearctic,Rainfed_Wheat_residues_removed_from_the_field,23.048971
5437,Beni savanna,Neotropic,Rainfed_Wheat_residues_removed_from_the_field,10.536459
5517,Russian Bering tundra,Palearctic,Rainfed_Wheat_residues_removed_from_the_field,4.483127
5597,Beringia lowland tundra,Nearctic,Rainfed_Wheat_residues_removed_from_the_field,51.99241
5917,Blue Mountains forests,Nearctic,Rainfed_Wheat_residues_removed_from_the_field,9.111993
5997,Bohai Sea saline meadow,Palearctic,Rainfed_Wheat_residues_removed_from_the_field,4.388088
6077,Bolivian montane dry forests,Neotropic,Rainfed_Wheat_residues_removed_from_the_field,107.84229
6157,Bolivian Yungas,Neotropic,Rainfed_Wheat_residues_removed_from_the_field,203.14357
6397,Brahmaputra Valley semi-evergreen forests,Indomalayan,Rainfed_Wheat_residues_removed_from_the_field,50.520164
6477,Brigalow tropical savanna,Australasia,Rainfed_Wheat_residues_removed_from_the_field,7.9492645
6557,British Columbia coastal conifer forests,Nearctic,Rainfed_Wheat_residues_removed_from_the_field,90.99211
6637,Brooks-British Range tundra,Nearctic,Rainfed_Wheat_residues_removed_from_the_field,0.8092127
6797,Caatinga,Neotropic,Rainfed_Wheat_residues_removed_from_the_field,14.019931
6877,Caatinga Enclaves moist forests,Neotropic,Rainfed_Wheat_residues_removed_from_the_field,56.3795
6957,Caledon conifer forests,Palearctic,Rainfed_Wheat_residues_removed_from_the_field,28.793205
7037,California Central Valley grasslands,Nearctic,Rainfed_Wheat_residues_removed_from_the_field,2.5433242
7117,California coastal sage and chaparral,Nearctic,Rainfed_Wheat_residues_removed_from_the_field,9.507933
7197,California interior chaparral and woodlands,Nearctic,Rainfed_Wheat_residues_removed_from_the_field,16.65355
7277,California montane chaparral and woodlands,Nearctic,Rainfed_Wheat_residues_removed_from_the_field,19.255274
7357,Cameroon Highlands forests,Afrotropic,Rainfed_Wheat_residues_removed_from_the_field,142.40958
7437,Campos Rupestres montane savanna,Neotropic,Rainfed_Wheat_residues_removed_from_the_field,69.408806
7517,Canadian Aspen forests and parklands,Nearctic,Rainfed_Wheat_residues_removed_from_the_field,1.2369041
7597,Canadian Low Arctic tundra,Nearctic,Rainfed_Wheat_residues_removed_from_the_field,0.60852784
7677,Canary Islands dry woodlands and forests,Palearctic,Rainfed_Wheat_residues_removed_from_the_field,37.26136
7757,Cantabrian mixed forests,Palearctic,Rainfed_Wheat_residues_removed_from_the_field,23.944382
7837,Canterbury-Otago tussock grasslands,Australasia,Rainfed_Wheat_residues_removed_from_the_field,9.0465555
7997,Cape York Peninsula tropical savanna,Australasia,Rainfed_Wheat_residues_removed_from_the_field,15.275565
8077,Caqueta moist forests,Neotropic,Rainfed_Wheat_residues_removed_from_the_field,16.009071
8157,Cardamom Mountains rain forests,Indomalayan,Rainfed_Wheat_residues_removed_from_the_field,298.225
8317,Carnarvon xeric shrublands,Australasia,Rainfed_Wheat_residues_removed_from_the_field,0.7382392
8477,Carpathian montane forests,Palearctic,Rainfed_Wheat_residues_removed_from_the_field,12.303891
8557,Carpentaria tropical savanna,Australasia,Rainfed_Wheat_residues_removed_from_the_field,6.054176
8637,Caspian Hyrcanian mixed forests,Palearctic,Rainfed_Wheat_residues_removed_from_the_field,11.492458
8717,Caspian lowland desert,Palearctic,Rainfed_Wheat_residues_removed_from_the_field,0.34319544
8877,Cauca Valley dry forests,Neotropic,Rainfed_Wheat_residues_removed_from_the_field,277.2434
8957,Cauca Valley montane forests,Neotropic,Rainfed_Wheat_residues_removed_from_the_field,309.39145
9037,Caucasus mixed forests,Palearctic,Rainfed_Wheat_residues_removed_from_the_field,33.204018
9197,Celtic broadleaf forests,Palearctic,Rainfed_Wheat_residues_removed_from_the_field,5.0572996
9277,Central Afghan Mountains xeric woodlands,Palearctic,Rainfed_Wheat_residues_removed_from_the_field,6.2969427
9357,Central African mangroves,Afrotropic,Rainfed_Wheat_residues_removed_from_the_field,13.087823
9517,Central American dry forests,Neotropic,Rainfed_Wheat_residues_removed_from_the_field,12.531806
9597,Central American montane forests,Neotropic,Rainfed_Wheat_residues_removed_from_the_field,113.755684
9677,Central American pine-oak forests,Neotropic,Rainfed_Wheat_residues_removed_from_the_field,107.26126
9757,Central Anatolian steppe,Palearctic,Rainfed_Wheat_residues_removed_from_the_field,1.0067407
9837,Central Anatolian steppe and woodlands,Palearctic,Rainfed_Wheat_residues_removed_from_the_field,2.3739781
9917,Central-Southern Cascades Forests,Nearctic,Rainfed_Wheat_residues_removed_from_the_field,43.009846
9997,Central-Southern US mixed grasslands,Nearctic,Rainfed_Wheat_residues_removed_from_the_field,5.7170534
10077,Central Andean dry puna,Neotropic,Rainfed_Wheat_residues_removed_from_the_field,14.792082
10157,Central Andean puna,Neotropic,Rainfed_Wheat_residues_removed_from_the_field,32.732624
10237,Central Andean wet puna,Neotropic,Rainfed_Wheat_residues_removed_from_the_field,39.227905
10317,Central Asian northern desert,Palearctic,Rainfed_Wheat_residues_removed_from_the_field,0.25227213
10397,Central Asian riparian woodlands,Palearctic,Rainfed_Wheat_residues_removed_from_the_field,0.13300993
10477,Central Asian southern desert,Palearctic,Rainfed_Wheat_residues_removed_from_the_field,0.4612042
10557,Central British Columbia Mountain forests,Nearctic,Rainfed_Wheat_residues_removed_from_the_field,9.359002
10637,Central bushveld,Afrotropic,Rainfed_Wheat_residues_removed_from_the_field,15.2150345
10717,Central Canadian Shield forests,Nearctic,Rainfed_Wheat_residues_removed_from_the_field,1.8851693
10797,Central China Loess Plateau mixed forests,Palearctic,Rainfed_Wheat_residues_removed_from_the_field,25.364885
10957,Central Deccan Plateau dry deciduous forests,Indomalayan,Rainfed_Wheat_residues_removed_from_the_field,9.410548
11037,Central European mixed forests,Palearctic,Rainfed_Wheat_residues_removed_from_the_field,1.1308866
11117,Central US forest-grasslands transition,Nearctic,Rainfed_Wheat_residues_removed_from_the_field,8.541124
11197,Central Indochina dry forests,Indomalayan,Rainfed_Wheat_residues_removed_from_the_field,102.735504
11277,Central Korean deciduous forests,Palearctic,Rainfed_Wheat_residues_removed_from_the_field,60.57005
11357,Central Mexican matorral,Nearctic,Rainfed_Wheat_residues_removed_from_the_field,14.891199
11437,Central Pacific Northwest coastal forests,Nearctic,Rainfed_Wheat_residues_removed_from_the_field,72.03734
11517,Central Persian desert basins,Palearctic,Rainfed_Wheat_residues_removed_from_the_field,0.8495638
11997,Central Tallgrass prairie,Nearctic,Rainfed_Wheat_residues_removed_from_the_field,7.5783663
12077,Central Tibetan Plateau alpine steppe,Palearctic,Rainfed_Wheat_residues_removed_from_the_field,13.505554
12157,Central Zambezian wet miombo woodlands,Afrotropic,Rainfed_Wheat_residues_removed_from_the_field,32.775772
12237,Cerrado,Neotropic,Rainfed_Wheat_residues_removed_from_the_field,24.59573
12317,Changbai Mountains mixed forests,Palearctic,Rainfed_Wheat_residues_removed_from_the_field,45.185482
12397,Changjiang Plain evergreen forests,Palearctic,Rainfed_Wheat_residues_removed_from_the_field,50.957535
12557,Chao Phraya lowland moist deciduous forests,Indomalayan,Rainfed_Wheat_residues_removed_from_the_field,182.06961
12717,Cherskii-Kolyma mountain tundra,Palearctic,Rainfed_Wheat_residues_removed_from_the_field,24.469336
12797,Chhota-Nagpur dry deciduous forests,Indomalayan,Rainfed_Wheat_residues_removed_from_the_field,16.722652
12877,Chiapas Depression dry forests,Neotropic,Rainfed_Wheat_residues_removed_from_the_field,32.67345
12957,Chiapas montane forests,Neotropic,Rainfed_Wheat_residues_removed_from_the_field,154.9459
13037,Chihuahuan desert,Nearctic,Rainfed_Wheat_residues_removed_from_the_field,7.507892
13117,Chilean Matorral,Neotropic,Rainfed_Wheat_residues_removed_from_the_field,28.218246
13197,Chimalapas montane forests,Neotropic,Rainfed_Wheat_residues_removed_from_the_field,136.08475
13277,Chin Hills-Arakan Yoma montane forests,Indomalayan,Rainfed_Wheat_residues_removed_from_the_field,210.91043
13357,Chiquitano dry forests,Neotropic,Rainfed_Wheat_residues_removed_from_the_field,17.827911
13437,Chocó-Darién moist forests,Neotropic,Rainfed_Wheat_residues_removed_from_the_field,204.73744
13597,Chukchi Peninsula tundra,Palearctic,Rainfed_Wheat_residues_removed_from_the_field,8.675019
13837,Colorado Plateau shrublands,Nearctic,Rainfed_Wheat_residues_removed_from_the_field,4.2831545
13917,Colorado Rockies forests,Nearctic,Rainfed_Wheat_residues_removed_from_the_field,11.2073345
14237,Coolgardie woodlands,Australasia,Rainfed_Wheat_residues_removed_from_the_field,0.17171112
14317,Copper Plateau taiga,Nearctic,Rainfed_Wheat_residues_removed_from_the_field,51.503464
14397,Cordillera Central páramo,Neotropic,Rainfed_Wheat_residues_removed_from_the_field,83.08039
14637,Cordillera Oriental montane forests,Neotropic,Rainfed_Wheat_residues_removed_from_the_field,300.46985
14717,Corsican montane broadleaf and mixed forests,Palearctic,Rainfed_Wheat_residues_removed_from_the_field,54.010418
14877,Crete Mediterranean forests,Palearctic,Rainfed_Wheat_residues_removed_from_the_field,39.95967
14957,Crimean Submediterranean forest complex,Palearctic,Rainfed_Wheat_residues_removed_from_the_field,13.792664
15037,Cross-Niger transition forests,Afrotropic,Rainfed_Wheat_residues_removed_from_the_field,16.886663
15117,Cross-Sanaga-Bioko coastal forests,Afrotropic,Rainfed_Wheat_residues_removed_from_the_field,18.473127
15197,Cross-Timbers savanna-woodland,Nearctic,Rainfed_Wheat_residues_removed_from_the_field,12.254337
15677,Cyprus Mediterranean forests,Palearctic,Rainfed_Wheat_residues_removed_from_the_field,6.611955
15757,Da Hinggan-Dzhagdy Mountains conifer forests,Palearctic,Rainfed_Wheat_residues_removed_from_the_field,7.5138946
15837,Daba Mountains evergreen forests,Palearctic,Rainfed_Wheat_residues_removed_from_the_field,110.39107
15917,Daurian forest steppe,Palearctic,Rainfed_Wheat_residues_removed_from_the_field,3.820517
16077,Deccan thorn scrub forests,Indomalayan,Rainfed_Wheat_residues_removed_from_the_field,10.013635
16157,Dinaric Mountains mixed forests,Palearctic,Rainfed_Wheat_residues_removed_from_the_field,44.403156
16237,Djibouti xeric shrublands,Afrotropic,Rainfed_Wheat_residues_removed_from_the_field,17.558613
16317,Drakensberg Escarpment savanna and thicket,Afrotropic,Rainfed_Wheat_residues_removed_from_the_field,37.683643
16397,Drakensberg grasslands,Afrotropic,Rainfed_Wheat_residues_removed_from_the_field,35.959152
16477,Rock and Ice,N/A,Rainfed_Wheat_residues_removed_from_the_field,57.715805
16557,Dry Chaco,Neotropic,Rainfed_Wheat_residues_removed_from_the_field,5.7927446
16637,East Afghan montane conifer forests,Palearctic,Rainfed_Wheat_residues_removed_from_the_field,14.080555
16717,East African halophytics,Afrotropic,Rainfed_Wheat_residues_removed_from_the_field,41.842964
16797,East African mangroves,Afrotropic,Rainfed_Wheat_residues_removed_from_the_field,9.557992
17037,East Central Texas forests,Nearctic,Rainfed_Wheat_residues_removed_from_the_field,10.288789
17117,East Deccan dry-evergreen forests,Indomalayan,Rainfed_Wheat_residues_removed_from_the_field,11.533098
17197,East European forest steppe,Palearctic,Rainfed_Wheat_residues_removed_from_the_field,0.8854418
17437,East Siberian taiga,Palearctic,Rainfed_Wheat_residues_removed_from_the_field,2.4985962
17517,East Sudanian savanna,Afrotropic,Rainfed_Wheat_residues_removed_from_the_field,42.962105
17597,Eastern Anatolian deciduous forests,Palearctic,Rainfed_Wheat_residues_removed_from_the_field,8.203091
17677,Eastern Anatolian montane steppe,Palearctic,Rainfed_Wheat_residues_removed_from_the_field,7.4244795
17757,Eastern Australia mulga shrublands,Australasia,Rainfed_Wheat_residues_removed_from_the_field,1.097884
17837,Eastern Australian temperate forests,Australasia,Rainfed_Wheat_residues_removed_from_the_field,26.005651
17917,Eastern Canadian forests,Nearctic,Rainfed_Wheat_residues_removed_from_the_field,5.874554
17997,Eastern Canadian Shield taiga,Nearctic,Rainfed_Wheat_residues_removed_from_the_field,2.1753676
18077,Eastern Cascades forests,Nearctic,Rainfed_Wheat_residues_removed_from_the_field,8.176772
18237,Eastern Cordillera Real montane forests,Neotropic,Rainfed_Wheat_residues_removed_from_the_field,194.17218
18317,Eastern Canadian Forest-Boreal transition,Nearctic,Rainfed_Wheat_residues_removed_from_the_field,5.755218
18397,Eastern Gobi desert steppe,Palearctic,Rainfed_Wheat_residues_removed_from_the_field,0.79025567
18477,Eastern Great Lakes lowland forests,Nearctic,Rainfed_Wheat_residues_removed_from_the_field,3.8607283
18637,East Deccan moist deciduous forests,Indomalayan,Rainfed_Wheat_residues_removed_from_the_field,40.34467
18717,Eastern Himalayan alpine shrub and meadows,Palearctic,Rainfed_Wheat_residues_removed_from_the_field,64.68
18797,Eastern Himalayan broadleaf forests,Indomalayan,Rainfed_Wheat_residues_removed_from_the_field,329.135
18877,Eastern Himalayan subalpine conifer forests,Indomalayan,Rainfed_Wheat_residues_removed_from_the_field,206.85301
19117,Eastern Mediterranean conifer-broadleaf forests,Palearctic,Rainfed_Wheat_residues_removed_from_the_field,8.968613
19357,Ecuadorian dry forests,Neotropic,Rainfed_Wheat_residues_removed_from_the_field,251.73923
19437,Edwards Plateau savanna,Nearctic,Rainfed_Wheat_residues_removed_from_the_field,9.923719
19517,Einasleigh upland savanna,Australasia,Rainfed_Wheat_residues_removed_from_the_field,10.703774
19597,Elburz Range forest steppe,Palearctic,Rainfed_Wheat_residues_removed_from_the_field,4.875873
19837,Emin Valley steppe,Palearctic,Rainfed_Wheat_residues_removed_from_the_field,2.3800893
19997,English Lowlands beech forests,Palearctic,Rainfed_Wheat_residues_removed_from_the_field,1.5338076
20237,Esperance mallee,Australasia,Rainfed_Wheat_residues_removed_from_the_field,0.3261875
20317,Espinal,Neotropic,Rainfed_Wheat_residues_removed_from_the_field,3.3999515
20397,Ethiopian montane forests,Afrotropic,Rainfed_Wheat_residues_removed_from_the_field,67.2072
20477,Ethiopian montane grasslands and woodlands,Afrotropic,Rainfed_Wheat_residues_removed_from_the_field,50.596684
20557,Ethiopian montane moorlands,Afrotropic,Rainfed_Wheat_residues_removed_from_the_field,62.395496
20717,Euxine-Colchic broadleaf forests,Palearctic,Rainfed_Wheat_residues_removed_from_the_field,19.679482
20797,Everglades flooded grasslands,Neotropic,Rainfed_Wheat_residues_removed_from_the_field,7.1048946
20877,Eyre and York mallee,Australasia,Rainfed_Wheat_residues_removed_from_the_field,0.38454401
21277,Fiordland temperate forests,Australasia,Rainfed_Wheat_residues_removed_from_the_field,80.54806
21357,Flinders-Lofty montane woodlands,Australasia,Rainfed_Wheat_residues_removed_from_the_field,1.1968223
21437,Flint Hills tallgrass prairie,Nearctic,Rainfed_Wheat_residues_removed_from_the_field,9.520408
21517,Fraser Plateau and Basin conifer forests,Nearctic,Rainfed_Wheat_residues_removed_from_the_field,4.7173223
21597,Fynbos shrubland,Afrotropic,Rainfed_Wheat_residues_removed_from_the_field,5.9415298
21757,Gariep Karoo,Afrotropic,Rainfed_Wheat_residues_removed_from_the_field,4.058959
21837,Ghorat-Hazarajat alpine meadow,Palearctic,Rainfed_Wheat_residues_removed_from_the_field,23.618467
21997,Gissaro-Alai open woodlands,Palearctic,Rainfed_Wheat_residues_removed_from_the_field,21.138409
22077,Godavari-Krishna mangroves,Indomalayan,Rainfed_Wheat_residues_removed_from_the_field,7.666911
22157,Gobi Lakes Valley desert steppe,Palearctic,Rainfed_Wheat_residues_removed_from_the_field,5.44234
22317,Great Basin montane forests,Nearctic,Rainfed_Wheat_residues_removed_from_the_field,6.0941186
22397,Great Basin shrub steppe,Nearctic,Rainfed_Wheat_residues_removed_from_the_field,4.5564747
22477,Great Lakes Basin desert steppe,Palearctic,Rainfed_Wheat_residues_removed_from_the_field,3.3084152
22557,Great Sandy-Tanami desert,Australasia,Rainfed_Wheat_residues_removed_from_the_field,1.4213705
22637,Great Victoria desert,Australasia,Rainfed_Wheat_residues_removed_from_the_field,0.19536039
22877,Guayaquil flooded grasslands,Neotropic,Rainfed_Wheat_residues_removed_from_the_field,101.92418
23037,Guianan Highlands moist forests,Neotropic,Rainfed_Wheat_residues_removed_from_the_field,94.51855
23117,Guianan lowland moist forests,Neotropic,Rainfed_Wheat_residues_removed_from_the_field,53.65568
23197,Guianan piedmont moist forests,Neotropic,Rainfed_Wheat_residues_removed_from_the_field,39.92892
23277,Guianan savanna,Neotropic,Rainfed_Wheat_residues_removed_from_the_field,17.36931
23357,Guinean forest-savanna,Afrotropic,Rainfed_Wheat_residues_removed_from_the_field,24.539219
23597,Guizhou Plateau broadleaf and mixed forests,Palearctic,Rainfed_Wheat_residues_removed_from_the_field,111.5635
23677,Gulf of California xeric scrub,Nearctic,Rainfed_Wheat_residues_removed_from_the_field,11.392751
23757,Gulf of St. Lawrence lowland forests,Nearctic,Rainfed_Wheat_residues_removed_from_the_field,4.2632194
23837,Gurupa várzea,Neotropic,Rainfed_Wheat_residues_removed_from_the_field,13.075311
23917,Hainan Island monsoon rain forests,Indomalayan,Rainfed_Wheat_residues_removed_from_the_field,138.03783
24077,Hampton mallee and woodlands,Australasia,Rainfed_Wheat_residues_removed_from_the_field,0.08255064
24157,Hawai'i tropical dry forests,Oceania,Rainfed_Wheat_residues_removed_from_the_field,140.38011
24237,Hawai'i tropical high shrublands,Oceania,Rainfed_Wheat_residues_removed_from_the_field,96.46382
24397,Hawai'i tropical moist forests,Oceania,Rainfed_Wheat_residues_removed_from_the_field,250.17001
24477,Helanshan montane conifer forests,Palearctic,Rainfed_Wheat_residues_removed_from_the_field,1.3822722
24557,Hengduan Mountains subalpine conifer forests,Palearctic,Rainfed_Wheat_residues_removed_from_the_field,46.156963
24717,High Monte,Neotropic,Rainfed_Wheat_residues_removed_from_the_field,19.731552
24797,Highveld grasslands,Afrotropic,Rainfed_Wheat_residues_removed_from_the_field,16.329226
24877,Himalayan subtropical broadleaf forests,Indomalayan,Rainfed_Wheat_residues_removed_from_the_field,172.46266
24957,Himalayan subtropical pine forests,Indomalayan,Rainfed_Wheat_residues_removed_from_the_field,166.78499
25037,Hindu Kush alpine meadow,Palearctic,Rainfed_Wheat_residues_removed_from_the_field,72.503815
25357,Hobyo grasslands and shrublands,Afrotropic,Rainfed_Wheat_residues_removed_from_the_field,1.5152842
25437,Hokkaido deciduous forests,Palearctic,Rainfed_Wheat_residues_removed_from_the_field,26.621458
25517,Hokkaido montane conifer forests,Palearctic,Rainfed_Wheat_residues_removed_from_the_field,49.882557
25597,Honshu alpine conifer forests,Palearctic,Rainfed_Wheat_residues_removed_from_the_field,170.27411
25677,Horn of Africa xeric bushlands,Afrotropic,Rainfed_Wheat_residues_removed_from_the_field,3.2523882
25757,Huang He Plain mixed forests,Palearctic,Rainfed_Wheat_residues_removed_from_the_field,14.496935
25837,Humid Chaco,Neotropic,Rainfed_Wheat_residues_removed_from_the_field,6.0368385
25917,Humid Pampas,Neotropic,Rainfed_Wheat_residues_removed_from_the_field,3.1272347
26077,Iberian conifer forests,Palearctic,Rainfed_Wheat_residues_removed_from_the_field,9.582634
26157,Iberian sclerophyllous and semi-deciduous forests,Palearctic,Rainfed_Wheat_residues_removed_from_the_field,5.8738785
26317,Illyrian deciduous forests,Palearctic,Rainfed_Wheat_residues_removed_from_the_field,32.198826
26397,Indochina mangroves,Indomalayan,Rainfed_Wheat_residues_removed_from_the_field,45.92619
26477,Indus River Delta-Arabian Sea mangroves,Indomalayan,Rainfed_Wheat_residues_removed_from_the_field,5.6967425
26557,Indus Valley desert,Indomalayan,Rainfed_Wheat_residues_removed_from_the_field,2.1088119
26717,Interior Alaska-Yukon lowland taiga,Nearctic,Rainfed_Wheat_residues_removed_from_the_field,4.9807496
26797,Interior Plateau US Hardwood Forests,Nearctic,Rainfed_Wheat_residues_removed_from_the_field,27.582655
26877,Interior Yukon-Alaska alpine tundra,Nearctic,Rainfed_Wheat_residues_removed_from_the_field,3.7512321
26957,Iquitos várzea,Neotropic,Rainfed_Wheat_residues_removed_from_the_field,17.84486
27517,Italian sclerophyllous and semi-deciduous forests,Palearctic,Rainfed_Wheat_residues_removed_from_the_field,29.669691
27597,Itigi-Sumbu thicket,Afrotropic,Rainfed_Wheat_residues_removed_from_the_field,5.23836
27677,Jalisco dry forests,Neotropic,Rainfed_Wheat_residues_removed_from_the_field,70.757744
27917,Japurá-Solimões-Negro moist forests,Neotropic,Rainfed_Wheat_residues_removed_from_the_field,15.055356
27997,Jarrah-Karri forest and shrublands,Australasia,Rainfed_Wheat_residues_removed_from_the_field,4.2693863
28077,Jian Nan subtropical evergreen forests,Indomalayan,Rainfed_Wheat_residues_removed_from_the_field,155.40889
28157,Jos Plateau forest-grassland,Afrotropic,Rainfed_Wheat_residues_removed_from_the_field,29.767033
28317,Junggar Basin semi-desert,Palearctic,Rainfed_Wheat_residues_removed_from_the_field,1.339148
28397,Juruá-Purus moist forests,Neotropic,Rainfed_Wheat_residues_removed_from_the_field,23.291067
28637,Kalahari xeric savanna,Afrotropic,Rainfed_Wheat_residues_removed_from_the_field,2.0870173
28717,Kamchatka-Kurile meadows and sparse forests,Palearctic,Rainfed_Wheat_residues_removed_from_the_field,4.027266
28797,Kamchatka taiga,Palearctic,Rainfed_Wheat_residues_removed_from_the_field,0.5305575
28957,Karakoram-West Tibetan Plateau alpine steppe,Palearctic,Rainfed_Wheat_residues_removed_from_the_field,44.0117
29037,Kayah-Karen montane rain forests,Indomalayan,Rainfed_Wheat_residues_removed_from_the_field,137.47049
29117,Kazakh forest steppe,Palearctic,Rainfed_Wheat_residues_removed_from_the_field,0.9881766
29197,Kazakh semi-desert,Palearctic,Rainfed_Wheat_residues_removed_from_the_field,0.4356756
29277,Kazakh steppe,Palearctic,Rainfed_Wheat_residues_removed_from_the_field,0.38821328
29357,Kazakh upland steppe,Palearctic,Rainfed_Wheat_residues_removed_from_the_field,0.7537102
29517,Khangai Mountains alpine meadow,Palearctic,Rainfed_Wheat_residues_removed_from_the_field,17.795658
29597,Khangai Mountains conifer forests,Palearctic,Rainfed_Wheat_residues_removed_from_the_field,14.11165
29677,Khathiar-Gir dry deciduous forests,Indomalayan,Rainfed_Wheat_residues_removed_from_the_field,11.485401
29757,Kimberly tropical savanna,Australasia,Rainfed_Wheat_residues_removed_from_the_field,10.226252
29837,Klamath-Siskiyou forests,Nearctic,Rainfed_Wheat_residues_removed_from_the_field,53.10583
29917,Knysna-Amatole montane forests,Afrotropic,Rainfed_Wheat_residues_removed_from_the_field,24.427015
29997,Kola Peninsula tundra,Palearctic,Rainfed_Wheat_residues_removed_from_the_field,0.7795664
30077,Kopet Dag semi-desert,Palearctic,Rainfed_Wheat_residues_removed_from_the_field,1.5879002
30157,Kopet Dag woodlands and forest steppe,Palearctic,Rainfed_Wheat_residues_removed_from_the_field,1.723273
30237,Kuh Rud and Eastern Iran montane woodlands,Palearctic,Rainfed_Wheat_residues_removed_from_the_field,0.058044367
30317,Kwazulu Natal-Cape coastal forests,Afrotropic,Rainfed_Wheat_residues_removed_from_the_field,47.6114
30477,Lake Chad flooded savanna,Afrotropic,Rainfed_Wheat_residues_removed_from_the_field,2.5986135
30797,Limpopo lowveld,Afrotropic,Rainfed_Wheat_residues_removed_from_the_field,25.199776
31117,Low Monte,Neotropic,Rainfed_Wheat_residues_removed_from_the_field,1.0753787
31197,Lower Gangetic Plains moist deciduous forests,Indomalayan,Rainfed_Wheat_residues_removed_from_the_field,15.034149
31277,Luang Prabang montane rain forests,Indomalayan,Rainfed_Wheat_residues_removed_from_the_field,70.48721
31597,Madagascar dry deciduous forests,Afrotropic,Rainfed_Wheat_residues_removed_from_the_field,30.813795
31677,Madagascar ericoid thickets,Afrotropic,Rainfed_Wheat_residues_removed_from_the_field,50.15467
31757,Madagascar humid forests,Afrotropic,Rainfed_Wheat_residues_removed_from_the_field,179.21149
31837,Madagascar mangroves,Afrotropic,Rainfed_Wheat_residues_removed_from_the_field,12.724932
31917,Madagascar spiny thickets,Afrotropic,Rainfed_Wheat_residues_removed_from_the_field,10.454508
31997,Madagascar subhumid forests,Afrotropic,Rainfed_Wheat_residues_removed_from_the_field,67.63539
32077,Madagascar succulent woodlands,Afrotropic,Rainfed_Wheat_residues_removed_from_the_field,18.000824
32157,Madeira-Tapajós moist forests,Neotropic,Rainfed_Wheat_residues_removed_from_the_field,25.70364
32317,Magdalena-Urabá moist forests,Neotropic,Rainfed_Wheat_residues_removed_from_the_field,644.5842
32397,Magdalena Valley dry forests,Neotropic,Rainfed_Wheat_residues_removed_from_the_field,263.51605
32477,Magdalena Valley montane forests,Neotropic,Rainfed_Wheat_residues_removed_from_the_field,227.3235
32557,Magellanic subpolar forests,Neotropic,Rainfed_Wheat_residues_removed_from_the_field,23.559137
32717,Malabar Coast moist forests,Indomalayan,Rainfed_Wheat_residues_removed_from_the_field,60.210255
32957,Manchurian mixed forests,Palearctic,Rainfed_Wheat_residues_removed_from_the_field,24.879581
33037,Mandara Plateau woodlands,Afrotropic,Rainfed_Wheat_residues_removed_from_the_field,21.961721
33117,Maputaland coastal forests and woodlands,Afrotropic,Rainfed_Wheat_residues_removed_from_the_field,3.5545378
33277,Marajó várzea,Neotropic,Rainfed_Wheat_residues_removed_from_the_field,13.038905
33357,Maranhão Babaçu forests,Neotropic,Rainfed_Wheat_residues_removed_from_the_field,26.021887
33437,Marañón dry forests,Neotropic,Rainfed_Wheat_residues_removed_from_the_field,106.45796
33677,Masai xeric grasslands and shrublands,Afrotropic,Rainfed_Wheat_residues_removed_from_the_field,5.60819
33837,Mato Grosso tropical dry forests,Neotropic,Rainfed_Wheat_residues_removed_from_the_field,16.49626
33917,Mediterranean Acacia-Argania dry woodlands and succulent thickets,Palearctic,Rainfed_Wheat_residues_removed_from_the_field,4.3953333
33997,Mediterranean conifer and mixed forests,Palearctic,Rainfed_Wheat_residues_removed_from_the_field,21.64628
34077,Mediterranean dry woodlands and steppe,Palearctic,Rainfed_Wheat_residues_removed_from_the_field,1.1503998
34157,Mediterranean High Atlas juniper steppe,Palearctic,Rainfed_Wheat_residues_removed_from_the_field,14.070742
34237,Mediterranean woodlands and forests,Palearctic,Rainfed_Wheat_residues_removed_from_the_field,8.141034
34317,Meghalaya subtropical forests,Indomalayan,Rainfed_Wheat_residues_removed_from_the_field,146.8126
34477,Meseta Central matorral,Nearctic,Rainfed_Wheat_residues_removed_from_the_field,9.885334
34557,Mesoamerican Gulf-Caribbean mangroves,Neotropic,Rainfed_Wheat_residues_removed_from_the_field,31.745033
34637,Mesopotamian shrub desert,Palearctic,Rainfed_Wheat_residues_removed_from_the_field,1.3106556
34717,Mid-Canada Boreal Plains forests,Nearctic,Rainfed_Wheat_residues_removed_from_the_field,0.67774004
34877,Mid-Atlantic US coastal savannas,Nearctic,Rainfed_Wheat_residues_removed_from_the_field,8.043223
34957,Midwest Canadian Shield forests,Nearctic,Rainfed_Wheat_residues_removed_from_the_field,0.9547874
35357,Mississippi lowland forests,Nearctic,Rainfed_Wheat_residues_removed_from_the_field,10.2348175
35437,Mitchell Grass Downs,Australasia,Rainfed_Wheat_residues_removed_from_the_field,1.816596
35517,Mizoram-Manipur-Kachin rain forests,Indomalayan,Rainfed_Wheat_residues_removed_from_the_field,197.51622
35597,Mojave desert,Nearctic,Rainfed_Wheat_residues_removed_from_the_field,4.924411
35677,Mongolian-Manchurian grassland,Palearctic,Rainfed_Wheat_residues_removed_from_the_field,2.5833337
35757,Montana Valley and Foothill grasslands,Nearctic,Rainfed_Wheat_residues_removed_from_the_field,6.0461273
35837,Monte Alegre várzea,Neotropic,Rainfed_Wheat_residues_removed_from_the_field,31.539177
36157,Murray-Darling woodlands and mallee,Australasia,Rainfed_Wheat_residues_removed_from_the_field,0.4481848
36237,Muskwa-Slave Lake taiga,Nearctic,Rainfed_Wheat_residues_removed_from_the_field,0.7184814
36317,Myanmar Coast mangroves,Indomalayan,Rainfed_Wheat_residues_removed_from_the_field,122.72691
36397,Myanmar coastal rain forests,Indomalayan,Rainfed_Wheat_residues_removed_from_the_field,76.59101
36477,Nama Karoo shrublands,Afrotropic,Rainfed_Wheat_residues_removed_from_the_field,3.7708473
36797,Nansei Islands subtropical evergreen forests,Indomalayan,Rainfed_Wheat_residues_removed_from_the_field,344.20447
36877,Napo moist forests,Neotropic,Rainfed_Wheat_residues_removed_from_the_field,31.438898
36957,Naracoorte woodlands,Australasia,Rainfed_Wheat_residues_removed_from_the_field,0.552423
37037,Narmada Valley dry deciduous forests,Indomalayan,Rainfed_Wheat_residues_removed_from_the_field,15.934149
37117,Nebraska Sand Hills mixed grasslands,Nearctic,Rainfed_Wheat_residues_removed_from_the_field,3.743131
37197,Negro-Branco moist forests,Neotropic,Rainfed_Wheat_residues_removed_from_the_field,13.216908
37277,Nelson Coast temperate forests,Australasia,Rainfed_Wheat_residues_removed_from_the_field,78.735794
37357,Nenjiang River grassland,Palearctic,Rainfed_Wheat_residues_removed_from_the_field,1.5214956
37757,New England-Acadian forests,Nearctic,Rainfed_Wheat_residues_removed_from_the_field,11.448067
37917,Nicobar Islands rain forests,Indomalayan,Rainfed_Wheat_residues_removed_from_the_field,138.22203
37997,Niger Delta swamp forests,Afrotropic,Rainfed_Wheat_residues_removed_from_the_field,10.113139
38077,Nigerian lowland forests,Afrotropic,Rainfed_Wheat_residues_removed_from_the_field,21.395596
38157,Nihonkai evergreen forests,Palearctic,Rainfed_Wheat_residues_removed_from_the_field,144.43141
38237,Nihonkai montane deciduous forests,Palearctic,Rainfed_Wheat_residues_removed_from_the_field,152.7518
38637,North Arabian desert,Palearctic,Rainfed_Wheat_residues_removed_from_the_field,0.65299046
38797,New Zealand North Island temperate forests,Australasia,Rainfed_Wheat_residues_removed_from_the_field,40.5741
38877,North Saharan Xeric Steppe and Woodland,Palearctic,Rainfed_Wheat_residues_removed_from_the_field,2.0479558
38957,Somali montane xeric woodlands,Afrotropic,Rainfed_Wheat_residues_removed_from_the_field,11.127498
39037,North Tibetan Plateau-Kunlun Mountains alpine desert,Palearctic,Rainfed_Wheat_residues_removed_from_the_field,7.97248
39197,North Western Ghats moist deciduous forests,Indomalayan,Rainfed_Wheat_residues_removed_from_the_field,38.499317
39277,North Western Ghats montane rain forests,Indomalayan,Rainfed_Wheat_residues_removed_from_the_field,54.2041
39357,Northeast China Plain deciduous forests,Palearctic,Rainfed_Wheat_residues_removed_from_the_field,6.283091
39437,Northeast India-Myanmar pine forests,Indomalayan,Rainfed_Wheat_residues_removed_from_the_field,210.74084
39517,Northeast Siberian coastal tundra,Palearctic,Rainfed_Wheat_residues_removed_from_the_field,1.3732375
39597,Northeast Siberian taiga,Palearctic,Rainfed_Wheat_residues_removed_from_the_field,8.720157
39677,Northeast Brazil restingas,Neotropic,Rainfed_Wheat_residues_removed_from_the_field,5.8374
39837,Northeast Himalayan subalpine conifer forests,Palearctic,Rainfed_Wheat_residues_removed_from_the_field,55.423195
39917,Northeast Spain and Southern France Mediterranean forests,Palearctic,Rainfed_Wheat_residues_removed_from_the_field,18.583042
39997,Northeast US Coastal forests,Nearctic,Rainfed_Wheat_residues_removed_from_the_field,12.678632
40077,Northern Acacia-Commiphora bushlands and thickets,Afrotropic,Rainfed_Wheat_residues_removed_from_the_field,12.347669
40157,Northern Anatolian conifer and deciduous forests,Palearctic,Rainfed_Wheat_residues_removed_from_the_field,7.9950066
40237,Northern Andean páramo,Neotropic,Rainfed_Wheat_residues_removed_from_the_field,94.58673
40397,Northern California coastal forests,Nearctic,Rainfed_Wheat_residues_removed_from_the_field,48.20021
40477,Northern Canadian Shield taiga,Nearctic,Rainfed_Wheat_residues_removed_from_the_field,0.7496743
40557,Northern Congolian Forest-Savanna,Afrotropic,Rainfed_Wheat_residues_removed_from_the_field,40.86845
40637,North Deccan dry deciduous forests,Indomalayan,Rainfed_Wheat_residues_removed_from_the_field,25.289814
40717,Northern Indochina subtropical forests,Indomalayan,Rainfed_Wheat_residues_removed_from_the_field,129.30885
40877,Northern Mesoamerican Pacific mangroves,Neotropic,Rainfed_Wheat_residues_removed_from_the_field,6.0224686
41117,Northern Shortgrass prairie,Nearctic,Rainfed_Wheat_residues_removed_from_the_field,2.3204556
41197,Northern Swahili coastal forests,Afrotropic,Rainfed_Wheat_residues_removed_from_the_field,17.479933
41277,Northern Tallgrass prairie,Nearctic,Rainfed_Wheat_residues_removed_from_the_field,1.0136803
41357,Northern Thailand-Laos moist deciduous forests,Indomalayan,Rainfed_Wheat_residues_removed_from_the_field,105.33392
41437,Northern Triangle subtropical forests,Indomalayan,Rainfed_Wheat_residues_removed_from_the_field,123.55233
41517,Northern Triangle temperate forests,Indomalayan,Rainfed_Wheat_residues_removed_from_the_field,184.29625
41677,Northland temperate kauri forests,Australasia,Rainfed_Wheat_residues_removed_from_the_field,35.497868
41757,Northwest Iberian montane forests,Palearctic,Rainfed_Wheat_residues_removed_from_the_field,12.373262
41837,Northwest Russian-Novaya Zemlya tundra,Palearctic,Rainfed_Wheat_residues_removed_from_the_field,2.049158
41917,Northwest Andean montane forests,Neotropic,Rainfed_Wheat_residues_removed_from_the_field,254.48772
42157,Northwestern Himalayan alpine shrub and meadows,Palearctic,Rainfed_Wheat_residues_removed_from_the_field,76.90539
42237,Aravalli west thorn scrub forests,Indomalayan,Rainfed_Wheat_residues_removed_from_the_field,5.659545
42397,Nujiang Langcang Gorge alpine conifer and mixed forests,Palearctic,Rainfed_Wheat_residues_removed_from_the_field,64.6789
42477,Nullarbor Plains xeric shrublands,Australasia,Rainfed_Wheat_residues_removed_from_the_field,0.18033157
42637,Oaxacan montane forests,Neotropic,Rainfed_Wheat_residues_removed_from_the_field,180.60187
42797,Ogilvie-MacKenzie alpine tundra,Nearctic,Rainfed_Wheat_residues_removed_from_the_field,6.2884884
42877,Okanogan dry forests,Nearctic,Rainfed_Wheat_residues_removed_from_the_field,8.898513
42957,Okhotsk-Manchurian taiga,Palearctic,Rainfed_Wheat_residues_removed_from_the_field,12.260715
43037,Ordos Plateau steppe,Palearctic,Rainfed_Wheat_residues_removed_from_the_field,6.495837
43277,Orissa semi-evergreen forests,Indomalayan,Rainfed_Wheat_residues_removed_from_the_field,32.30321
43357,Ozark Highlands mixed forests,Nearctic,Rainfed_Wheat_residues_removed_from_the_field,23.83079
43437,Ozark Mountain forests,Nearctic,Rainfed_Wheat_residues_removed_from_the_field,33.973564
43517,Pacific Coastal Mountain icefields and tundra,Nearctic,Rainfed_Wheat_residues_removed_from_the_field,71.2162
43757,Palouse prairie,Nearctic,Rainfed_Wheat_residues_removed_from_the_field,3.8214796
43837,Pamir alpine desert and tundra,Palearctic,Rainfed_Wheat_residues_removed_from_the_field,28.674425
43997,Pannonian mixed forests,Palearctic,Rainfed_Wheat_residues_removed_from_the_field,6.4368067
44077,Pantanal,Neotropic,Rainfed_Wheat_residues_removed_from_the_field,9.654613
44157,Pantanos de Centla,Neotropic,Rainfed_Wheat_residues_removed_from_the_field,19.766153
44237,Pantepui forests & shrublands,Neotropic,Rainfed_Wheat_residues_removed_from_the_field,135.38953
44397,Paraná flooded savanna,Neotropic,Rainfed_Wheat_residues_removed_from_the_field,4.5186553
44477,Paropamisus xeric woodlands,Palearctic,Rainfed_Wheat_residues_removed_from_the_field,13.843946
44557,Patagonian steppe,Neotropic,Rainfed_Wheat_residues_removed_from_the_field,1.7306798
44637,Patía valley dry forests,Neotropic,Rainfed_Wheat_residues_removed_from_the_field,159.96323
44717,Peninsular Malaysian montane rain forests,Indomalayan,Rainfed_Wheat_residues_removed_from_the_field,224.2984
44877,Peninsular Malaysian rain forests,Indomalayan,Rainfed_Wheat_residues_removed_from_the_field,160.82573
44957,Pernambuco coastal forests,Neotropic,Rainfed_Wheat_residues_removed_from_the_field,41.5963
45037,Pernambuco interior forests,Neotropic,Rainfed_Wheat_residues_removed_from_the_field,21.526146
45117,Peruvian Yungas,Neotropic,Rainfed_Wheat_residues_removed_from_the_field,117.39513
45197,Petén-Veracruz moist forests,Neotropic,Rainfed_Wheat_residues_removed_from_the_field,78.860146
45357,Pindus Mountains mixed forests,Palearctic,Rainfed_Wheat_residues_removed_from_the_field,39.52243
45437,Piney Woods,Nearctic,Rainfed_Wheat_residues_removed_from_the_field,13.655592
45517,Po Basin mixed forests,Palearctic,Rainfed_Wheat_residues_removed_from_the_field,6.241923
45597,Pontic steppe,Palearctic,Rainfed_Wheat_residues_removed_from_the_field,0.92921853
45917,Puget lowland forests,Nearctic,Rainfed_Wheat_residues_removed_from_the_field,32.413227
45997,Purus-Madeira moist forests,Neotropic,Rainfed_Wheat_residues_removed_from_the_field,15.81116
46077,Purus várzea,Neotropic,Rainfed_Wheat_residues_removed_from_the_field,13.621677
46157,Pyrenees conifer and mixed forests,Palearctic,Rainfed_Wheat_residues_removed_from_the_field,44.17538
46237,Qaidam Basin semi-desert,Palearctic,Rainfed_Wheat_residues_removed_from_the_field,9.862051
46317,Qilian Mountains conifer forests,Palearctic,Rainfed_Wheat_residues_removed_from_the_field,17.156399
46397,Qilian Mountains subalpine meadows,Palearctic,Rainfed_Wheat_residues_removed_from_the_field,20.33555
46477,Qin Ling Mountains deciduous forests,Palearctic,Rainfed_Wheat_residues_removed_from_the_field,75.33611
46557,Qionglai-Minshan conifer forests,Palearctic,Rainfed_Wheat_residues_removed_from_the_field,92.67982
46637,Queensland tropical rain forests,Australasia,Rainfed_Wheat_residues_removed_from_the_field,60.359337
46797,Rann of Kutch seasonal salt marsh,Indomalayan,Rainfed_Wheat_residues_removed_from_the_field,4.1054077
47037,Red Sea-Arabian Desert shrublands,Palearctic,Rainfed_Wheat_residues_removed_from_the_field,3.0474072
47357,Renosterveld shrubland,Afrotropic,Rainfed_Wheat_residues_removed_from_the_field,3.8465755
47437,Richmond temperate forests,Australasia,Rainfed_Wheat_residues_removed_from_the_field,38.282497
47517,Rio Negro campinarana,Neotropic,Rainfed_Wheat_residues_removed_from_the_field,11.776318
47597,Rodope montane mixed forests,Palearctic,Rainfed_Wheat_residues_removed_from_the_field,12.737072
47757,Saharan halophytics,Palearctic,Rainfed_Wheat_residues_removed_from_the_field,1.1760963
47837,Sahelian Acacia savanna,Afrotropic,Rainfed_Wheat_residues_removed_from_the_field,11.497834
47917,Sakhalin Island taiga,Palearctic,Rainfed_Wheat_residues_removed_from_the_field,9.146256
48157,San Lucan xeric scrub,Neotropic,Rainfed_Wheat_residues_removed_from_the_field,35.5784
48237,Santa Lucia Montane Chaparral & Woodlands,Nearctic,Rainfed_Wheat_residues_removed_from_the_field,34.311928
48317,Santa Marta montane forests,Neotropic,Rainfed_Wheat_residues_removed_from_the_field,266.47986
48397,Santa Marta páramo,Neotropic,Rainfed_Wheat_residues_removed_from_the_field,175.4545
48557,Sarmatic mixed forests,Palearctic,Rainfed_Wheat_residues_removed_from_the_field,0.8303128
48637,Sayan alpine meadows and tundra,Palearctic,Rainfed_Wheat_residues_removed_from_the_field,18.238605
48717,Sayan Intermontane steppe,Palearctic,Rainfed_Wheat_residues_removed_from_the_field,9.941536
48797,Sayan montane conifer forests,Palearctic,Rainfed_Wheat_residues_removed_from_the_field,10.378523
48877,Scandinavian and Russian taiga,Palearctic,Rainfed_Wheat_residues_removed_from_the_field,0.6205245
48957,Scandinavian coastal conifer forests,Palearctic,Rainfed_Wheat_residues_removed_from_the_field,58.317688
49037,Scandinavian Montane Birch forest and grasslands,Palearctic,Rainfed_Wheat_residues_removed_from_the_field,38.967342
49197,Sechura desert,Neotropic,Rainfed_Wheat_residues_removed_from_the_field,53.095406
49277,Selenge-Orkhon forest steppe,Palearctic,Rainfed_Wheat_residues_removed_from_the_field,6.089914
49437,Serengeti volcanic grasslands,Afrotropic,Rainfed_Wheat_residues_removed_from_the_field,5.574125
49517,Serra do Mar coastal forests,Neotropic,Rainfed_Wheat_residues_removed_from_the_field,108.07642
49597,Sichuan Basin evergreen broadleaf forests,Palearctic,Rainfed_Wheat_residues_removed_from_the_field,55.265987
49677,Sierra de la Laguna dry forests,Neotropic,Rainfed_Wheat_residues_removed_from_the_field,43.75815
49757,Sierra de la Laguna pine-oak forests,Neotropic,Rainfed_Wheat_residues_removed_from_the_field,65.76649
49837,Sierra de los Tuxtlas,Neotropic,Rainfed_Wheat_residues_removed_from_the_field,71.4574
49917,Sierra Madre de Chiapas moist forests,Neotropic,Rainfed_Wheat_residues_removed_from_the_field,58.13811
49997,Sierra Madre de Oaxaca pine-oak forests,Neotropic,Rainfed_Wheat_residues_removed_from_the_field,111.3227
50077,Sierra Madre del Sur pine-oak forests,Neotropic,Rainfed_Wheat_residues_removed_from_the_field,97.80098
50157,Sierra Madre Occidental pine-oak forests,Nearctic,Rainfed_Wheat_residues_removed_from_the_field,52.89484
50237,Sierra Madre Oriental pine-oak forests,Nearctic,Rainfed_Wheat_residues_removed_from_the_field,41.50208
50317,Sierra Nevada forests,Nearctic,Rainfed_Wheat_residues_removed_from_the_field,29.868204
50397,Simpson desert,Australasia,Rainfed_Wheat_residues_removed_from_the_field,1.0140342
50477,Sinaloan dry forests,Neotropic,Rainfed_Wheat_residues_removed_from_the_field,59.69911
50557,Sinú Valley dry forests,Neotropic,Rainfed_Wheat_residues_removed_from_the_field,291.6948
50637,Snake-Columbia shrub steppe,Nearctic,Rainfed_Wheat_residues_removed_from_the_field,1.9471849
50877,Solimões-Japurá moist forests,Neotropic,Rainfed_Wheat_residues_removed_from_the_field,16.030718
51037,Somali Acacia-Commiphora bushlands and thickets,Afrotropic,Rainfed_Wheat_residues_removed_from_the_field,10.799982
51117,Sonoran-Sinaloan subtropical dry forest,Nearctic,Rainfed_Wheat_residues_removed_from_the_field,32.79224
51197,Sonoran desert,Nearctic,Rainfed_Wheat_residues_removed_from_the_field,7.7344317
51277,South American Pacific mangroves,Neotropic,Rainfed_Wheat_residues_removed_from_the_field,3.0375924
51437,South Apennine mixed montane forests,Palearctic,Rainfed_Wheat_residues_removed_from_the_field,37.43926
51517,South Central Rockies forests,Nearctic,Rainfed_Wheat_residues_removed_from_the_field,16.984041
51597,South China-Vietnam subtropical evergreen forests,Indomalayan,Rainfed_Wheat_residues_removed_from_the_field,141.44934
51757,South Deccan Plateau dry deciduous forests,Indomalayan,Rainfed_Wheat_residues_removed_from_the_field,26.80976
51837,South Iran Nubo-Sindian desert and semi-desert,Palearctic,Rainfed_Wheat_residues_removed_from_the_field,0.71411204
51917,New Zealand South Island montane grasslands,Australasia,Rainfed_Wheat_residues_removed_from_the_field,71.67479
51997,New Zealand South Island temperate forests,Australasia,Rainfed_Wheat_residues_removed_from_the_field,9.454725
52237,South Siberian forest steppe,Palearctic,Rainfed_Wheat_residues_removed_from_the_field,2.0393603
52477,South Western Ghats moist deciduous forests,Indomalayan,Rainfed_Wheat_residues_removed_from_the_field,65.1743
52557,South Western Ghats montane rain forests,Indomalayan,Rainfed_Wheat_residues_removed_from_the_field,122.15611
52637,Southeast Australia temperate forests,Australasia,Rainfed_Wheat_residues_removed_from_the_field,5.2933273
52717,Southeast Australia temperate savanna,Australasia,Rainfed_Wheat_residues_removed_from_the_field,0.8168398
52797,Southeast Tibet shrublands and meadows,Palearctic,Rainfed_Wheat_residues_removed_from_the_field,24.060978
52957,Southeast US conifer savannas,Nearctic,Rainfed_Wheat_residues_removed_from_the_field,13.605451
53037,Southeast Iberian shrubs and woodlands,Palearctic,Rainfed_Wheat_residues_removed_from_the_field,5.881151
53117,Southeast Indochina dry evergreen forests,Indomalayan,Rainfed_Wheat_residues_removed_from_the_field,118.78565
53277,Southern Acacia-Commiphora bushlands and thickets,Afrotropic,Rainfed_Wheat_residues_removed_from_the_field,14.355584
53357,Southern Africa mangroves,Afrotropic,Rainfed_Wheat_residues_removed_from_the_field,19.006454
53437,Southern Anatolian montane conifer and deciduous forests,Palearctic,Rainfed_Wheat_residues_removed_from_the_field,14.031579
53517,Southern Andean steppe,Neotropic,Rainfed_Wheat_residues_removed_from_the_field,19.876265
53597,Southern Andean Yungas,Neotropic,Rainfed_Wheat_residues_removed_from_the_field,92.24504
53757,Southern Atlantic Brazilian mangroves,Neotropic,Rainfed_Wheat_residues_removed_from_the_field,94.23087
53837,Southern Cone Mesopotamian savanna,Neotropic,Rainfed_Wheat_residues_removed_from_the_field,8.158132
53997,Southern Great Lakes forests,Nearctic,Rainfed_Wheat_residues_removed_from_the_field,5.562057
54077,Southern Hudson Bay taiga,Nearctic,Rainfed_Wheat_residues_removed_from_the_field,0.54784703
54317,Southern Mesoamerican Pacific mangroves,Neotropic,Rainfed_Wheat_residues_removed_from_the_field,5.4509416
54557,Southern Pacific dry forests,Neotropic,Rainfed_Wheat_residues_removed_from_the_field,59.512695
54637,Southern Rift Montane forest-grassland,Afrotropic,Rainfed_Wheat_residues_removed_from_the_field,106.690674
54717,Southern Swahili coastal forests and woodlands,Afrotropic,Rainfed_Wheat_residues_removed_from_the_field,26.105595
54877,Southwest Amazon moist forests,Neotropic,Rainfed_Wheat_residues_removed_from_the_field,37.95943
55117,Southwest Australia savanna,Australasia,Rainfed_Wheat_residues_removed_from_the_field,0.45653227
55197,Southwest Australia woodlands,Australasia,Rainfed_Wheat_residues_removed_from_the_field,2.6158044
55357,Southwest Iberian Mediterranean sclerophyllous and mixed forests,Palearctic,Rainfed_Wheat_residues_removed_from_the_field,6.344227
55757,Succulent Karoo xeric shrublands,Afrotropic,Rainfed_Wheat_residues_removed_from_the_field,2.9931073
55837,Sudd flooded grasslands,Afrotropic,Rainfed_Wheat_residues_removed_from_the_field,4.1486588
55917,Suiphun-Khanka meadows and forest meadows,Palearctic,Rainfed_Wheat_residues_removed_from_the_field,3.964268
55997,Sulaiman Range alpine meadows,Palearctic,Rainfed_Wheat_residues_removed_from_the_field,28.074966
56877,Sundarbans freshwater swamp forests,Indomalayan,Rainfed_Wheat_residues_removed_from_the_field,11.710187
56957,Sundarbans mangroves,Indomalayan,Rainfed_Wheat_residues_removed_from_the_field,14.793343
57037,Syrian xeric grasslands and shrublands,Palearctic,Rainfed_Wheat_residues_removed_from_the_field,1.9410185
57117,Taiheiyo evergreen forests,Palearctic,Rainfed_Wheat_residues_removed_from_the_field,241.44473
57197,Taiheiyo montane deciduous forests,Palearctic,Rainfed_Wheat_residues_removed_from_the_field,269.00034
57277,Taimyr-Central Siberian tundra,Palearctic,Rainfed_Wheat_residues_removed_from_the_field,2.546767
57437,Taklimakan desert,Palearctic,Rainfed_Wheat_residues_removed_from_the_field,2.2221236
57597,Tamaulipan matorral,Nearctic,Rainfed_Wheat_residues_removed_from_the_field,22.078136
57677,Tamaulipan mezquital,Nearctic,Rainfed_Wheat_residues_removed_from_the_field,5.8366675
57757,Tapajós-Xingu moist forests,Neotropic,Rainfed_Wheat_residues_removed_from_the_field,40.90782
57837,Tarim Basin deciduous forests and steppe,Palearctic,Rainfed_Wheat_residues_removed_from_the_field,0.14369075
57917,Tasmanian Central Highland forests,Australasia,Rainfed_Wheat_residues_removed_from_the_field,13.000075
57997,Tasmanian temperate forests,Australasia,Rainfed_Wheat_residues_removed_from_the_field,4.345113
58077,Tasmanian temperate rain forests,Australasia,Rainfed_Wheat_residues_removed_from_the_field,18.147371
58157,Tehuacán Valley matorral,Neotropic,Rainfed_Wheat_residues_removed_from_the_field,16.89234
58237,Tenasserim-South Thailand semi-evergreen rain forests,Indomalayan,Rainfed_Wheat_residues_removed_from_the_field,182.19463
58317,Terai-Duar savanna and grasslands,Indomalayan,Rainfed_Wheat_residues_removed_from_the_field,36.28983
58397,Texas blackland prairies,Nearctic,Rainfed_Wheat_residues_removed_from_the_field,9.655103
58477,Thar desert,Indomalayan,Rainfed_Wheat_residues_removed_from_the_field,3.0193765
58557,Tian Shan foothill arid steppe,Palearctic,Rainfed_Wheat_residues_removed_from_the_field,9.345926
58637,Tian Shan montane conifer forests,Palearctic,Rainfed_Wheat_residues_removed_from_the_field,14.348717
58717,Tian Shan montane steppe and meadows,Palearctic,Rainfed_Wheat_residues_removed_from_the_field,20.409864
58877,Tibetan Plateau alpine shrublands and meadows,Palearctic,Rainfed_Wheat_residues_removed_from_the_field,15.186387
58957,Tigris-Euphrates alluvial salt marsh,Palearctic,Rainfed_Wheat_residues_removed_from_the_field,0.86226267
59117,Tirari-Sturt stony desert,Australasia,Rainfed_Wheat_residues_removed_from_the_field,0.27695826
59517,Trans-Baikal Bald Mountain tundra,Palearctic,Rainfed_Wheat_residues_removed_from_the_field,15.340706
59597,Trans-Baikal conifer forests,Palearctic,Rainfed_Wheat_residues_removed_from_the_field,6.699493
59677,Trans-Mexican Volcanic Belt pine-oak forests,Neotropic,Rainfed_Wheat_residues_removed_from_the_field,45.37638
60317,Tumbes-Piura dry forests,Neotropic,Rainfed_Wheat_residues_removed_from_the_field,32.766907
60397,Tyrrhenian-Adriatic sclerophyllous and mixed forests,Palearctic,Rainfed_Wheat_residues_removed_from_the_field,19.193342
60477,Uatumã-Trombetas moist forests,Neotropic,Rainfed_Wheat_residues_removed_from_the_field,54.85483
60557,Ucayali moist forests,Neotropic,Rainfed_Wheat_residues_removed_from_the_field,120.424675
60637,Upper Gangetic Plains moist deciduous forests,Indomalayan,Rainfed_Wheat_residues_removed_from_the_field,7.610118
60717,Upper Midwest US forest-savanna transition,Nearctic,Rainfed_Wheat_residues_removed_from_the_field,6.802236
60797,Urals montane forest and taiga,Palearctic,Rainfed_Wheat_residues_removed_from_the_field,2.0694308
60877,Uruguayan savanna,Neotropic,Rainfed_Wheat_residues_removed_from_the_field,12.735715
60957,Ussuri broadleaf and mixed forests,Palearctic,Rainfed_Wheat_residues_removed_from_the_field,16.123695
61037,Valdivian temperate forests,Neotropic,Rainfed_Wheat_residues_removed_from_the_field,41.166866
61277,Veracruz dry forests,Neotropic,Rainfed_Wheat_residues_removed_from_the_field,41.106834
61357,Veracruz moist forests,Neotropic,Rainfed_Wheat_residues_removed_from_the_field,66.0088
61437,Veracruz montane forests,Neotropic,Rainfed_Wheat_residues_removed_from_the_field,211.37364
61517,Victoria Plains tropical savanna,Australasia,Rainfed_Wheat_residues_removed_from_the_field,6.469946
61757,Wasatch and Uinta montane forests,Nearctic,Rainfed_Wheat_residues_removed_from_the_field,10.016623
61837,Watson Highlands taiga,Nearctic,Rainfed_Wheat_residues_removed_from_the_field,4.68472
62077,West Siberian taiga,Palearctic,Rainfed_Wheat_residues_removed_from_the_field,0.42128465
62157,West Sudanian savanna,Afrotropic,Rainfed_Wheat_residues_removed_from_the_field,4.646323
62237,Western Australian Mulga shrublands,Australasia,Rainfed_Wheat_residues_removed_from_the_field,0.6528928
62397,Western Ecuador moist forests,Neotropic,Rainfed_Wheat_residues_removed_from_the_field,196.90128
62477,Western European broadleaf forests,Palearctic,Rainfed_Wheat_residues_removed_from_the_field,6.375851
62557,Western Great Lakes forests,Nearctic,Rainfed_Wheat_residues_removed_from_the_field,2.5162141
62717,Western Gulf coastal grasslands,Nearctic,Rainfed_Wheat_residues_removed_from_the_field,7.4017067
62797,Western Himalayan alpine shrub and meadows,Palearctic,Rainfed_Wheat_residues_removed_from_the_field,77.557785
62877,Western Himalayan broadleaf forests,Indomalayan,Rainfed_Wheat_residues_removed_from_the_field,155.52396
62957,Western Himalayan subalpine conifer forests,Indomalayan,Rainfed_Wheat_residues_removed_from_the_field,92.169525
63277,Western shortgrass prairie,Nearctic,Rainfed_Wheat_residues_removed_from_the_field,3.2128503
63357,Western Siberian hemiboreal forests,Palearctic,Rainfed_Wheat_residues_removed_from_the_field,0.61520004
63437,Westland temperate forests,Australasia,Rainfed_Wheat_residues_removed_from_the_field,137.36101
63517,Willamette Valley oak savanna,Nearctic,Rainfed_Wheat_residues_removed_from_the_field,12.010421
63757,Wyoming Basin shrub steppe,Nearctic,Rainfed_Wheat_residues_removed_from_the_field,2.8552303
63837,Xingu-Tocantins-Araguaia moist forests,Neotropic,Rainfed_Wheat_residues_removed_from_the_field,43.1797
63917,Yamal-Gydan tundra,Palearctic,Rainfed_Wheat_residues_removed_from_the_field,0.5836774
64157,Yarlung Zanbo arid steppe,Palearctic,Rainfed_Wheat_residues_removed_from_the_field,21.116611
64237,Yellow Sea saline meadow,Palearctic,Rainfed_Wheat_residues_removed_from_the_field,5.6552086
64397,Yucatán moist forests,Neotropic,Rainfed_Wheat_residues_removed_from_the_field,12.815308
64477,Yunnan Plateau subtropical evergreen forests,Palearctic,Rainfed_Wheat_residues_removed_from_the_field,75.15386
64557,Zagros Mountains forest steppe,Palearctic,Rainfed_Wheat_residues_removed_from_the_field,7.8194737
64877,Dry miombo woodlands,Afrotropic,Rainfed_Wheat_residues_removed_from_the_field,23.613462
65037,Zambezian flooded grasslands,Afrotropic,Rainfed_Wheat_residues_removed_from_the_field,9.649347
65117,Zambezian mopane woodlands,Afrotropic,Rainfed_Wheat_residues_removed_from_the_field,5.7760987
65197,Brazilian Atlantic dry forests,Neotropic,Rainfed_Wheat_residues_removed_from_the_field,16.851072
65277,Northern Cordillera forests,Nearctic,Rainfed_Wheat_residues_removed_from_the_field,9.738096
65437,Victoria Basin forest-savanna,Afrotropic,Rainfed_Wheat_residues_removed_from_the_field,28.156456
65597,East African montane moorlands,Afrotropic,Rainfed_Wheat_residues_removed_from_the_field,35.37589
65677,Queen Charlotte Islands conifer forests,Nearctic,Rainfed_Wheat_residues_removed_from_the_field,69.90079
65757,Northern Pacific Alaskan coastal forests,Nearctic,Rainfed_Wheat_residues_removed_from_the_field,67.59155
65837,Northwest Territories taiga,Nearctic,Rainfed_Wheat_residues_removed_from_the_field,0.3069665
66157,Arabian desert,Palearctic,Rainfed_Wheat_residues_removed_from_the_field,0.26241148
66397,Kamchatka tundra,Palearctic,Rainfed_Wheat_residues_removed_from_the_field,11.320956
66477,Tocantins/Pindare moist forests,Neotropic,Rainfed_Wheat_residues_removed_from_the_field,25.950205
66637,North Cascades conifer forests,Nearctic,Rainfed_Wheat_residues_removed_from_the_field,79.90071
66717,Northern Rockies conifer forests,Nearctic,Rainfed_Wheat_residues_removed_from_the_field,22.035961
67197,North Atlantic moist mixed forests,Palearctic,Rainfed_Wheat_residues_removed_from_the_field,13.882191
67517,East African montane forests,Afrotropic,Rainfed_Wheat_residues_removed_from_the_field,31.983118
67597,Eastern Arc forests,Afrotropic,Rainfed_Wheat_residues_removed_from_the_field,98.35213
